country,year,sex,list,agf,cause,m0,m1,m5,m10,m15,m20,m25,m30,m35,m40,m45,m50,m55,m60,m65,m70,m75,m80,m85p,m85,m90p,m90,m95p,m95,m100p
USA,1999,1,short,4,0,7942,380,187,245,948,1331,1273,1521,2080,3044,4482,6325,10005,15647,24376,37853,57958,96673,188573,157482,269124,245085,380498,365877,510864
USA,1999,1,short,4,1,174,19,7,6,7,19,65,164,244,314,345,306,292,323,475,658,1030,1665,3138,2691,4295,3965,5826,5980,4456
USA,1999,1,short,4,2,35,35,30,29,47,65,82,126,229,477,980,1798,3365,5636,8645,12440,16430,22230,30610,28811,35273,34311,39727,39206,44380
USA,1999,1,short,4,3,30,7,2,3,4,7,7,11,14,16,22,21,27,37,55,99,158,268,684,514,1124,944,1962,1870,2785
USA,1999,1,short,4,4,74,12,5,6,11,15,22,37,59,97,164,255,421,660,991,1468,2142,3298,5635,4908,7517,6994,9938,9678,12256
USA,1999,1,short,4,5,5,0,1,1,6,11,21,33,62,97,117,112,118,139,162,270,571,1407,4501,3276,7673,6796,11738,11117,17269
USA,1999,1,short,4,6,127,27,14,14,26,31,24,26,39,53,73,112,160,246,450,897,1939,4149,8324,7214,11198,10784,13114,13376,10770
USA,1999,1,short,4,7,143,14,6,9,29,40,65,140,299,606,1111,1887,3133,4914,7689,12012,19055,33582,72432,58344,108933,97224,163179,156237,225076
USA,1999,1,short,4,8,34,3,2,2,4,6,11,20,40,80,135,210,359,607,1033,1990,3789,7470,16404,13587,23705,22151,30903,30246,36766
USA,1999,1,short,4,9,12,0,0,1,2,3,5,10,16,28,45,67,130,245,436,753,1251,2137,4515,3537,7050,6145,11240,10418,18569
USA,1999,1,short,4,10,112,12,3,3,4,6,8,13,23,32,54,69,98,171,320,650,1350,3207,9742,6930,17026,14333,29505,26774,53851
USA,1999,1,short,4,11,88,11,4,9,10,12,14,18,27,48,95,179,446,951,1894,3493,5586,9139,15754,13903,20549,18881,28277,27617,34167
USA,1999,1,short,4,12,168,7,2,4,5,7,16,44,102,225,378,449,546,693,893,1180,1549,2513,4744,3971,6746,6304,8794,8260,13555
USA,1999,1,short,4,13,4,1,1,1,2,3,3,6,10,13,20,27,39,59,92,160,264,455,1032,812,1601,1419,2444,2301,3714
USA,1999,1,short,4,14,51,2,1,1,1,3,6,10,16,27,46,70,122,222,385,707,1308,2551,6041,4735,9424,8306,14606,13849,21354
USA,1999,1,short,4,15,6494,49,11,12,14,14,11,13,14,13,20,20,25,25,24,27,34,60,93,75,140,143,130,123,186
USA,1999,1,short,4,16,392,182,97,144,776,1089,913,851,885,917,877,742,724,718,832,1051,1501,2544,4924,4173,6869,6385,9115,8824,11709
USA,2000,1,short,4,0,7840,361,177,242,930,1369,1300,1480,2063,3053,4542,6357,9821,15255,23574,36755,56703,94196,186943,155171,269883,245810,382557,367910,514873
USA,2000,1,short,4,1,143,16,5,5,9,18,52,143,240,287,356,326,289,335,441,630,1000,1615,2947,2530,4033,3801,5121,4846,7610
USA,2000,1,short,4,2,43,36,30,31,46,64,77,122,229,468,971,1778,3266,5442,8532,12188,16265,22062,30415,28647,35029,34215,38836,39088,36563
USA,2000,1,short,4,3,21,5,3,2,3,5,6,10,13,16,23,24,29,42,66,98,143,285,652,492,1071,938,1696,1514,3341
USA,2000,1,short,4,4,75,12,4,8,10,18,27,43,58,101,163,266,427,667,991,1469,2156,3252,5585,4776,7694,7104,10460,10036,14294
USA,2000,1,short,4,5,4,1,1,1,5,14,20,34,62,88,118,115,120,130,166,282,595,1465,4871,3542,8341,7238,13501,12982,18188
USA,2000,1,short,4,6,118,23,11,16,23,27,24,27,37,59,84,119,166,259,468,934,1983,4242,8894,7541,12426,11954,14640,14719,13920
USA,2000,1,short,4,7,136,14,6,10,24,41,70,132,277,602,1118,1833,3055,4739,7178,11471,18263,32069,70959,56761,108024,96635,161330,153156,235169
USA,2000,1,short,4,8,38,3,1,2,4,7,12,20,40,80,145,215,354,625,1033,1941,3691,7257,16051,13210,23468,21610,32165,31657,36747
USA,2000,1,short,4,9,11,1,0,1,1,4,6,11,16,31,48,75,130,243,454,767,1244,2073,4466,3573,6798,5957,10732,10358,14106
USA,2000,1,short,4,10,100,8,3,2,4,7,10,13,20,40,48,71,110,190,335,666,1353,3232,9690,6809,17211,14454,30118,27843,50669
USA,2000,1,short,4,11,92,10,5,7,9,12,14,19,30,52,103,187,434,873,1785,3302,5328,8843,15620,13710,20605,19157,27381,26611,34336
USA,2000,1,short,4,12,150,9,3,3,4,11,19,43,107,221,380,450,535,688,852,1130,1609,2391,4769,4048,6652,6092,9272,9045,11321
USA,2000,1,short,4,13,6,1,0,1,2,4,5,6,8,16,21,22,44,64,94,162,267,472,1049,801,1696,1490,2661,2544,3712
USA,2000,1,short,4,14,61,1,1,1,2,3,6,10,16,30,52,77,127,221,398,677,1313,2535,6128,4698,9861,8748,15073,14296,22088
USA,2000,1,short,4,15,6454,42,12,11,14,14,13,16,14,15,16,22,20,26,27,26,33,56,114,90,178,158,273,262,371
USA,2000,1,short,4,16,387,180,92,142,768,1119,939,830,897,947,895,775,716,711,755,1010,1460,2349,4733,3942,6796,6261,9299,8951,12438
USA,2001,1,short,4,0,7647,370,168,228,928,1412,1363,1520,2143,3053,4568,6449,9602,14882,23043,35691,55664,91366,183811,152288,266319,242516,379231,365317,504748
USA,2001,1,short,4,1,158,17,5,6,10,17,49,126,231,291,349,328,308,341,449,656,1024,1611,2991,2529,4201,3943,5424,5378,5843
USA,2001,1,short,4,2,30,35,28,29,45,62,79,121,226,465,961,1793,3198,5357,8283,12013,16064,21381,30163,28272,35115,33817,41274,40891,44737
USA,2001,1,short,4,3,31,6,2,3,4,5,7,12,13,17,22,24,27,42,59,86,153,286,645,512,993,884,1511,1354,2922
USA,2001,1,short,4,4,86,12,4,7,10,16,25,38,64,99,173,283,435,676,1030,1484,2150,3249,5630,4888,7574,7020,10203,10038,11686
USA,2001,1,short,4,5,2,1,0,0,5,12,22,33,55,91,126,125,118,144,182,293,632,1586,5416,3905,9373,8050,15647,15317,18625
USA,2001,1,short,4,6,109,24,11,15,27,30,26,24,40,57,80,111,165,257,475,928,2054,4404,9518,8135,13139,12498,16183,16033,17529
USA,2001,1,short,4,7,126,16,4,9,22,45,75,144,290,591,1080,1817,2887,4505,6872,10752,17671,30842,68699,54645,105483,94422,157953,151110,219690
USA,2001,1,short,4,8,33,3,2,2,4,7,12,21,41,76,136,209,332,575,988,1882,3493,6866,15356,12666,22397,20600,30920,30036,38894
USA,2001,1,short,4,9,10,1,0,0,2,4,7,11,18,29,46,68,123,230,410,693,1142,1967,4289,3437,6519,5714,10335,9801,15158
USA,2001,1,short,4,10,104,10,3,2,4,7,7,13,21,32,51,69,102,172,305,618,1310,2886,9010,6346,15983,13473,27889,25697,47665
USA,2001,1,short,4,11,107,10,4,6,7,12,12,18,30,51,97,193,424,871,1748,3236,5312,8428,15257,13290,20405,19241,25925,25236,32138
USA,2001,1,short,4,12,143,10,3,4,4,8,17,42,107,208,386,475,538,687,871,1140,1530,2382,4751,3910,6952,6213,10460,10020,14428
USA,2001,1,short,4,13,4,1,0,1,2,3,4,6,12,14,21,31,42,61,97,160,267,453,977,773,1511,1310,2462,2330,3652
USA,2001,1,short,4,14,45,1,0,0,2,4,6,9,18,28,52,80,130,218,441,716,1298,2543,6259,4936,9722,8814,14033,13484,18990
USA,2001,1,short,4,15,6243,44,12,11,16,15,13,13,13,17,16,19,22,25,25,31,36,50,85,82,93,64,234,179,730
USA,2001,1,short,4,16,416,178,88,131,764,1165,1001,891,963,989,971,825,751,722,811,1004,1528,2431,4763,3963,6858,6454,8776,8412,12060
USA,2002,1,short,4,0,7740,356,167,230,927,1415,1370,1525,2087,3085,4563,6523,9595,14734,22414,35026,54670,89900,185082,152473,270387,246292,386186,372494,511441
USA,2002,1,short,4,1,157,13,5,6,7,16,46,111,225,284,364,370,314,355,476,694,1086,1716,3118,2680,4264,3853,6239,6052,7952
USA,2002,1,short,4,2,37,33,32,31,43,62,77,124,213,453,934,1759,3153,5291,8048,11742,15847,21037,29816,27682,35398,34441,39999,39907,40840
USA,2002,1,short,4,3,27,5,2,2,4,6,9,11,13,16,22,26,31,45,55,101,148,262,659,486,1110,910,2074,1985,2891
USA,2002,1,short,4,4,78,9,6,7,9,19,29,46,66,118,167,291,468,693,1016,1473,2166,3284,5806,5121,7599,7010,10425,10122,13200
USA,2002,1,short,4,5,2,1,1,1,4,12,19,28,58,96,122,136,130,145,183,301,679,1738,5828,4175,10150,8907,16122,15099,25479
USA,2002,1,short,4,6,121,26,13,15,23,29,27,30,42,59,88,113,166,276,479,954,2088,4409,9965,8410,14032,13151,18267,18328,17709
USA,2002,1,short,4,7,138,12,4,9,26,42,80,144,297,609,1094,1827,2857,4398,6635,10448,16962,29839,68814,54462,106358,95155,160201,153295,223373
USA,2002,1,short,4,8,34,4,2,3,3,7,11,18,37,71,137,207,329,562,966,1784,3338,6452,15189,12444,22370,20732,30242,29419,37767
USA,2002,1,short,4,9,11,1,0,0,3,4,5,13,15,29,50,69,127,222,415,647,1093,1878,4197,3352,6406,5639,10089,9671,13916
USA,2002,1,short,4,10,106,11,2,2,4,6,8,12,19,32,51,70,104,182,312,640,1338,3020,9324,6553,16573,14105,28432,26444,46625
USA,2002,1,short,4,11,94,13,5,7,10,11,13,18,28,54,95,188,402,853,1653,3145,5251,8429,15427,13398,20735,19602,26178,25840,29275
USA,2002,1,short,4,12,161,10,3,3,4,10,15,44,95,214,379,493,546,656,834,1115,1550,2383,4654,3934,6539,5969,9280,8931,12470
USA,2002,1,short,4,13,6,1,1,1,1,2,4,6,10,13,22,30,41,65,97,174,257,452,1060,839,1639,1471,2444,2238,4337
USA,2002,1,short,4,14,60,1,1,1,1,4,6,10,16,28,52,82,130,224,402,735,1335,2583,6368,4920,10157,9035,15545,14498,25124
USA,2002,1,short,4,15,6307,43,11,12,15,14,15,15,13,15,19,20,24,28,24,28,34,51,80,74,96,80,176,175,181
USA,2002,1,short,4,16,401,174,81,129,768,1173,1005,895,941,994,968,842,774,738,821,1047,1498,2367,4777,3941,6962,6232,10473,10492,10302
USA,2003,1,short,4,0,7814,355,163,229,906,1427,1374,1517,2049,3059,4599,6583,9393,14530,21890,33833,53535,87392,180333,147610,266016,241862,383490,369014,518066
USA,2003,1,short,4,1,132,15,4,4,9,16,41,97,206,272,352,379,349,354,460,675,1059,1684,3106,2675,4236,3933,5706,5662,6110
USA,2003,1,short,4,2,34,34,32,30,44,56,77,120,209,440,943,1738,3014,5151,7810,11309,15646,20683,29027,26966,34423,33304,39865,39765,40789
USA,2003,1,short,4,3,31,5,2,3,3,6,6,10,13,18,23,25,29,42,60,100,148,257,636,474,1063,919,1764,1780,1617
USA,2003,1,short,4,4,72,14,6,6,11,17,30,45,63,111,180,290,458,711,1062,1504,2197,3296,5666,4935,7578,6993,10425,9904,15274
USA,2003,1,short,4,5,0,1,0,1,5,15,24,30,59,94,130,142,129,150,184,319,729,1816,6052,4316,10598,9182,17483,16928,22641
USA,2003,1,short,4,6,119,19,14,17,26,32,28,28,37,62,89,123,176,280,469,998,2178,4503,10456,8678,15113,14198,19564,19503,20125
USA,2003,1,short,4,7,127,12,6,9,24,47,75,151,297,599,1092,1793,2758,4258,6356,9908,16217,28545,66705,52383,104206,93360,156955,149637,224984
USA,2003,1,short,4,8,29,3,2,2,5,6,11,21,40,79,133,213,315,536,909,1697,3217,6163,14304,11550,21514,19727,30205,29975,32344
USA,2003,1,short,4,9,13,0,0,1,2,4,7,10,18,29,52,77,116,218,381,611,1094,1761,3897,3085,6025,5282,9638,9090,14736
USA,2003,1,short,4,10,121,15,4,3,5,8,10,14,21,32,51,83,98,182,334,619,1303,2827,8807,6185,15673,13053,28415,25923,51572
USA,2003,1,short,4,11,95,11,4,7,8,13,14,18,27,44,105,182,400,884,1679,3069,5144,8051,14953,12807,20574,19127,27613,26756,35578
USA,2003,1,short,4,12,174,10,3,3,6,9,19,42,94,205,363,514,552,682,850,1111,1514,2342,4491,3728,6490,5948,9124,8559,14375
USA,2003,1,short,4,13,5,1,1,1,2,3,4,6,11,16,20,32,44,69,106,169,270,432,999,793,1540,1324,2591,2329,5031
USA,2003,1,short,4,14,63,1,0,1,2,4,7,12,17,32,52,90,142,239,410,714,1325,2624,6329,4949,9940,9002,14505,13900,20127
USA,2003,1,short,4,15,6385,42,10,10,14,13,13,12,13,16,17,19,25,26,24,24,28,46,78,63,116,94,223,227,180
USA,2003,1,short,4,16,413,170,75,129,740,1179,1008,899,926,1009,998,883,790,750,796,1007,1465,2361,4826,4023,6928,6416,9414,9074,12582
USA,2004,1,short,4,0,7678,329,165,215,891,1403,1408,1467,1960,2931,4460,6547,9095,13982,20960,32208,51001,83408,172364,140677,254898,231220,372086,356909,517790
USA,2004,1,short,4,1,147,12,4,4,7,19,38,88,174,258,328,383,358,358,462,679,1028,1681,3169,2737,4296,3900,6253,6172,7034
USA,2004,1,short,4,2,37,31,33,27,43,61,76,115,194,416,893,1719,2941,4986,7625,10982,15252,20085,28402,26326,33810,32587,39863,39694,41480
USA,2004,1,short,4,3,30,5,3,2,4,5,8,9,13,17,21,25,33,43,60,88,135,253,606,470,959,823,1637,1507,2888
USA,2004,1,short,4,4,76,10,5,6,9,17,26,41,67,106,180,289,445,700,1019,1467,2116,3242,5582,4799,7624,7135,10046,9571,14609
USA,2004,1,short,4,5,1,1,0,1,5,14,26,32,57,92,128,150,145,158,186,336,726,1792,6153,4355,10835,9397,17951,17229,24887
USA,2004,1,short,4,6,113,22,13,17,26,27,28,28,37,59,86,121,176,268,467,942,2095,4533,10555,8808,15105,14142,19869,19947,19116
USA,2004,1,short,4,7,117,12,3,8,23,44,81,147,283,573,1063,1734,2580,4025,5903,9102,14997,26523,62767,48890,98911,88147,152184,144402,226889
USA,2004,1,short,4,8,36,3,2,2,4,7,12,17,38,77,130,213,299,521,895,1570,2990,5668,12998,10498,19508,17906,27439,26671,34807
USA,2004,1,short,4,9,13,0,0,1,1,5,8,11,17,29,49,73,106,195,327,583,944,1660,3649,2926,5533,4983,8259,7880,11902
USA,2004,1,short,4,10,104,8,2,3,4,7,8,13,18,29,44,72,100,173,297,582,1177,2599,7906,5555,14031,11643,25853,23474,48692
USA,2004,1,short,4,11,83,11,5,6,8,10,13,16,26,48,94,188,376,839,1613,2957,4973,7795,14330,12377,19418,17945,26704,25936,34085
USA,2004,1,short,4,12,166,10,3,2,4,9,17,41,93,194,341,507,547,637,785,1054,1501,2181,4259,3504,6226,5751,8576,8192,12263
USA,2004,1,short,4,13,8,1,0,1,3,4,4,5,10,13,22,34,42,70,93,151,263,441,979,760,1552,1353,2535,2498,2885
USA,2004,1,short,4,14,62,2,1,1,1,4,6,8,18,32,54,91,145,231,405,689,1318,2529,6200,4769,9928,8910,14969,14199,22363
USA,2004,1,short,4,15,6254,46,13,10,14,13,13,12,13,14,18,20,24,22,23,27,37,39,78,73,92,90,100,92,180
USA,2004,1,short,4,16,431,156,79,124,736,1155,1045,883,904,975,1010,929,779,755,801,999,1448,2386,4729,3831,7070,6509,9847,9445,13710
USA,2005,1,short,4,0,7797,341,157,212,896,1457,1448,1521,1923,2966,4460,6642,9183,13942,20435,32085,50338,82110,173340,140398,259263,235622,378043,364835,506945
USA,2005,1,short,4,1,157,13,5,5,8,16,40,76,152,246,323,397,364,363,469,697,1044,1707,3278,2781,4573,4237,6261,6066,8171
USA,2005,1,short,4,2,34,32,29,29,43,59,82,115,189,420,869,1692,2889,4895,7455,10985,14998,19897,28405,26278,33952,33005,38715,39042,35524
USA,2005,1,short,4,3,29,6,1,2,3,5,7,8,13,16,20,26,33,39,59,88,141,270,585,449,941,771,1794,1814,1599
USA,2005,1,short,4,4,64,11,6,7,11,18,27,45,70,116,186,294,475,719,1007,1494,2162,3182,5769,4965,7867,7346,10485,10067,14565
USA,2005,1,short,4,5,1,0,0,1,6,16,25,30,51,98,129,157,151,170,194,351,811,2114,7041,4995,12378,10752,20546,19921,26643
USA,2005,1,short,4,6,113,22,13,15,29,29,29,28,44,61,88,128,185,278,472,996,2218,4745,11099,9183,16097,15059,21311,21201,22381
USA,2005,1,short,4,7,101,10,5,8,25,49,87,148,286,571,1039,1751,2562,3933,5580,8815,14449,25394,62644,48188,100350,89473,154996,147671,226475
USA,2005,1,short,4,8,37,5,3,3,3,6,11,20,35,72,124,217,302,498,836,1477,2739,5211,12082,9802,18031,16736,24537,24067,29131
USA,2005,1,short,4,9,12,1,1,1,2,3,6,11,18,30,50,75,113,198,331,557,943,1565,3527,2731,5601,5002,8610,8164,12966
USA,2005,1,short,4,10,94,9,3,3,5,7,9,13,19,33,53,77,108,175,294,586,1190,2591,7992,5516,14452,12314,25195,23426,42454
USA,2005,1,short,4,11,108,11,5,5,8,9,12,15,23,46,103,200,385,868,1661,3027,5082,7871,14415,12249,20064,18685,26994,26575,31084
USA,2005,1,short,4,12,198,10,3,3,4,9,18,35,81,186,337,507,579,661,775,1053,1453,2176,4300,3441,6541,5926,9630,9161,14211
USA,2005,1,short,4,13,5,1,0,1,2,3,3,6,8,15,21,35,47,66,96,155,262,444,1001,786,1563,1322,2770,2526,5151
USA,2005,1,short,4,14,52,2,0,1,2,4,7,12,17,31,57,87,147,252,382,733,1324,2511,6353,4933,10057,8840,16169,15296,24689
USA,2005,1,short,4,15,6364,39,10,11,17,15,14,12,13,13,16,19,25,26,16,20,28,49,82,68,117,112,146,125,355
USA,2005,1,short,4,16,427,168,73,117,729,1208,1072,947,906,1013,1044,980,818,801,808,1051,1493,2381,4768,4034,6680,6042,9884,9714,11547
USA,2006,1,short,4,0,7696,313,155,193,886,1498,1507,1546,1929,2898,4384,6568,9225,13346,19901,30535,48599,79178,165389,133627,249772,226549,366853,352643,506923
USA,2006,1,short,4,1,130,13,5,5,8,17,38,68,137,228,296,386,387,367,471,663,1082,1687,3239,2762,4508,4258,5766,5616,7244
USA,2006,1,short,4,2,36,30,29,25,40,58,78,112,186,392,840,1657,2892,4719,7287,10515,14647,19717,27398,25286,33007,32009,38036,37975,38634
USA,2006,1,short,4,3,29,6,2,2,3,5,8,7,9,16,18,23,31,39,52,77,133,222,514,371,893,774,1493,1417,2242
USA,2006,1,short,4,4,63,9,5,5,9,17,28,44,67,115,183,294,459,697,985,1414,2052,3034,5270,4620,6998,6494,9543,9268,12247
USA,2006,1,short,4,5,0,0,0,0,6,16,26,35,47,97,128,161,164,182,243,464,1075,2783,9090,6493,15988,13976,26130,25089,36393
USA,2006,1,short,4,6,107,19,12,15,27,33,30,30,41,61,83,125,183,283,475,1041,2277,4618,11171,9178,16463,15331,22169,21829,25526
USA,2006,1,short,4,7,94,12,5,9,21,46,86,160,277,557,1023,1704,2539,3716,5393,8301,13630,24028,58352,44676,94683,83927,148912,141481,222162
USA,2006,1,short,4,8,42,3,3,3,3,7,11,19,39,71,123,214,315,481,804,1391,2569,4711,10936,8818,16565,15261,23135,22665,27768
USA,2006,1,short,4,9,16,0,1,1,2,4,7,10,18,28,48,70,108,165,283,470,813,1309,3005,2361,4717,4142,7619,7219,11556
USA,2006,1,short,4,10,101,10,2,2,4,7,9,10,15,29,44,72,96,161,277,520,1076,2287,6911,4839,12415,10481,22169,20533,38292
USA,2006,1,short,4,11,107,11,6,7,7,9,13,16,24,48,91,195,383,796,1527,2807,4773,7584,13626,11620,18957,17790,24840,23860,34495
USA,2006,1,short,4,12,167,7,2,3,4,10,20,37,83,177,326,506,584,644,763,1016,1418,2103,4066,3281,6151,5586,8999,8687,12073
USA,2006,1,short,4,13,8,1,0,1,2,4,4,6,8,14,22,32,47,65,105,150,235,369,889,691,1416,1215,2426,2287,3794
USA,2006,1,short,4,14,58,1,0,2,1,4,5,13,18,34,55,96,148,241,400,726,1320,2435,6232,4782,10084,8878,16165,15548,22249
USA,2006,1,short,4,15,6267,36,10,9,13,14,15,12,13,12,17,19,26,26,19,22,30,45,79,63,123,110,187,171,346
USA,2006,1,short,4,16,470,153,74,106,736,1248,1127,966,946,1019,1087,1015,863,763,818,957,1469,2247,4612,3786,6807,6319,9265,8997,11902
USA,2007,1,short,4,0,7738,322,151,194,845,1458,1466,1523,1893,2802,4260,6438,9085,13191,19435,29688,47157,76940,160715,129692,243562,220055,362146,347942,506049
USA,2007,1,short,4,1,129,12,5,4,6,18,37,61,122,209,274,364,389,375,471,691,1018,1665,3164,2680,4455,4187,5811,5696,6982
USA,2007,1,short,4,2,31,28,28,26,37,58,75,108,178,381,816,1633,2822,4660,7150,10277,14482,19422,27265,25177,32842,31870,37746,37337,41892
USA,2007,1,short,4,3,33,4,2,3,3,5,8,9,12,16,18,25,28,38,59,89,144,256,581,449,935,823,1502,1404,2494
USA,2007,1,short,4,4,73,11,6,4,9,19,30,45,73,107,178,291,453,666,974,1392,1951,3009,5159,4461,7021,6548,9405,8939,14130
USA,2007,1,short,4,5,0,1,1,1,4,9,18,22,36,61,97,122,140,157,220,414,1053,2655,8992,6398,15918,13857,26318,25240,37240
USA,2007,1,short,4,6,108,19,12,18,23,32,27,29,41,56,90,129,185,288,486,1010,2281,4690,11132,9021,16770,15615,22593,22510,23440
USA,2007,1,short,4,7,118,11,6,7,21,45,85,144,272,546,982,1641,2450,3613,5121,7813,12862,22725,55649,42212,91534,80760,145880,138881,216782
USA,2007,1,short,4,8,38,3,2,2,4,7,9,17,39,70,127,205,310,467,775,1363,2497,4459,10445,8469,15724,14339,22715,22315,26764
USA,2007,1,short,4,9,19,0,1,1,2,4,5,11,21,32,45,68,104,177,277,457,733,1222,2737,2143,4325,3881,6565,6278,9477
USA,2007,1,short,4,10,87,9,3,3,2,7,9,11,15,28,43,66,95,152,241,463,940,2026,6342,4388,11561,9613,21391,19252,43060
USA,2007,1,short,4,11,106,12,5,7,8,11,14,17,24,47,101,203,389,804,1543,2809,4742,7577,13539,11658,18561,17163,25615,25157,30257
USA,2007,1,short,4,12,202,9,3,3,5,8,21,39,80,181,330,515,612,670,781,1000,1398,2045,3939,3252,5775,5258,8387,8116,11138
USA,2007,1,short,4,13,4,1,0,1,2,3,5,7,9,14,23,31,45,64,98,148,237,403,873,687,1370,1216,2150,1985,3823
USA,2007,1,short,4,14,42,2,1,1,1,4,6,11,18,30,52,89,145,236,396,728,1313,2475,6140,4753,9843,8783,15191,14344,23771
USA,2007,1,short,4,15,6257,41,10,10,11,12,14,12,12,13,17,17,24,24,19,18,30,38,58,57,58,52,88,81,166
USA,2007,1,short,4,16,489,159,66,103,706,1213,1103,982,940,1013,1068,1038,895,799,823,1016,1475,2274,4700,3887,6868,6091,10788,10409,14631
USA,2008,1,short,4,0,7470,327,137,178,787,1389,1431,1509,1845,2691,4202,6399,9142,13034,19409,29556,47120,76495,160154,128726,243257,220031,360657,345784,516294
USA,2008,1,short,4,1,127,12,4,3,6,14,37,56,98,180,252,352,413,405,472,665,1080,1706,3252,2754,4567,4250,6172,5983,8151
USA,2008,1,short,4,2,37,31,26,24,40,59,79,110,183,365,826,1626,2814,4511,7073,10152,14220,19080,26447,24384,31904,30939,36784,36810,36517
USA,2008,1,short,4,3,21,7,2,2,3,6,7,8,10,14,17,24,31,42,60,85,144,257,577,426,975,859,1562,1416,3097
USA,2008,1,short,4,4,64,12,5,7,9,23,27,41,70,110,177,283,448,664,953,1355,1945,2862,5121,4421,6972,6477,9475,9119,13205
USA,2008,1,short,4,5,0,1,0,1,3,8,15,19,33,57,86,122,141,164,234,469,1217,3093,10119,7207,17819,15428,29906,28588,43689
USA,2008,1,short,4,6,113,20,10,15,26,36,28,34,38,59,94,129,182,280,514,1064,2410,4945,11769,9480,17822,16758,23201,22926,26083
USA,2008,1,short,4,7,111,13,5,7,22,47,83,149,266,523,968,1627,2428,3533,5066,7670,12614,21934,54622,41295,89861,79294,143270,135961,219758
USA,2008,1,short,4,8,34,4,2,2,4,6,10,21,36,69,118,195,294,439,758,1289,2350,4471,10016,8101,15079,13807,21513,20765,29344
USA,2008,1,short,4,9,19,0,0,1,2,3,6,10,20,25,41,59,94,142,254,420,698,1089,2453,1952,3777,3421,5580,5054,11085
USA,2008,1,short,4,10,76,12,3,2,3,9,9,13,18,30,46,73,105,172,269,501,1013,2044,6208,4264,11350,9402,21198,19516,38800
USA,2008,1,short,4,11,92,11,6,5,7,11,13,17,25,46,94,210,416,833,1618,2941,5022,7902,14191,12161,19560,18203,26418,25422,36842
USA,2008,1,short,4,12,154,10,3,2,5,9,21,45,84,178,325,515,620,693,781,1017,1421,2033,3920,3234,5733,5199,8432,8023,12716
USA,2008,1,short,4,13,4,1,0,1,1,3,4,6,10,13,20,30,46,63,103,157,230,393,874,690,1358,1194,2189,2040,3749
USA,2008,1,short,4,14,40,2,1,0,1,4,6,11,18,32,51,93,153,238,408,706,1274,2384,5818,4492,9325,8265,14683,14325,18422
USA,2008,1,short,4,15,6079,39,10,8,13,14,10,12,12,13,15,20,22,29,20,22,25,30,69,64,82,71,139,152,0
USA,2008,1,short,4,16,497,154,59,97,642,1136,1075,957,923,977,1073,1040,937,826,826,1043,1456,2273,4698,3800,7072,6467,10133,9684,14836
USA,2009,1,short,4,0,7213,302,136,175,720,1293,1376,1485,1842,2654,4122,6350,9122,12765,18882,28450,45217,73568,152457,122215,231782,208629,347432,333384,497743
USA,2009,1,short,4,1,211,13,4,3,8,16,35,55,96,159,229,334,420,408,486,682,1094,1727,3233,2730,4553,4153,6549,6423,7898
USA,2009,1,short,4,2,38,27,29,24,35,61,78,115,191,359,790,1614,2798,4437,6872,9810,13924,18726,25858,23887,31028,30250,34916,34937,34690
USA,2009,1,short,4,3,26,5,2,3,3,6,7,8,11,13,18,25,35,39,58,94,141,201,537,404,884,741,1599,1531,2323
USA,2009,1,short,4,4,57,10,4,6,9,18,32,46,68,118,179,292,435,673,930,1317,1850,2756,4869,4147,6763,6253,9310,8906,13628
USA,2009,1,short,4,5,0,0,0,1,2,9,13,20,29,51,84,116,140,157,227,511,1211,3038,10186,7142,18168,15724,30374,28755,47698
USA,2009,1,short,4,6,105,18,11,13,24,32,32,34,42,60,95,132,195,295,510,1033,2296,4757,11369,9151,17187,15933,23454,23041,27876
USA,2009,1,short,4,7,109,10,4,7,20,44,80,147,274,520,950,1589,2380,3432,4901,7364,11937,21052,51665,38979,84941,74526,136963,130324,207992
USA,2009,1,short,4,8,45,3,2,3,4,6,10,20,38,65,121,194,290,430,718,1266,2285,4067,9143,7314,13943,12642,20443,19865,26637
USA,2009,1,short,4,9,12,1,0,0,2,4,5,11,20,29,44,64,96,144,240,380,618,1029,2267,1764,3586,3049,6266,5998,9137
USA,2009,1,short,4,10,92,10,6,6,8,13,22,22,30,44,58,89,121,159,271,473,936,1820,5355,3671,9773,8057,18345,16788,35001
USA,2009,1,short,4,11,90,11,6,6,7,14,15,17,25,44,99,216,407,793,1553,2755,4676,7553,13276,11442,18086,16828,24367,23750,30973
USA,2009,1,short,4,12,71,6,2,2,5,12,25,44,85,172,321,513,656,676,778,930,1283,1907,3723,3013,5583,5087,8063,7557,13473
USA,2009,1,short,4,13,4,1,1,1,2,4,4,8,7,14,19,32,48,62,95,151,232,345,784,640,1162,988,2029,1886,3562
USA,2009,1,short,4,14,39,1,0,1,1,4,7,11,18,34,52,92,146,231,385,709,1271,2313,5616,4228,9256,8141,14823,14023,23384
USA,2009,1,short,4,15,5821,34,11,10,12,13,13,12,13,15,18,18,22,22,21,16,25,35,61,52,84,72,143,128,310
USA,2009,1,short,4,16,493,152,54,90,579,1036,998,917,895,957,1045,1032,935,806,837,960,1437,2241,4516,3650,6785,6184,9788,9472,13163
USA,2010,1,short,4,0,6755,297,128,163,698,1255,1352,1468,1763,2477,4033,6130,9057,12577,18603,28074,44815,73214,152041,121062,230895,207959,344766,330695,497059
USA,2010,1,short,4,1,206,11,4,4,5,17,28,47,74,135,220,303,404,403,472,656,1031,1670,3141,2674,4330,3959,6176,6126,6725
USA,2010,1,short,4,2,29,29,25,25,35,61,78,109,184,340,772,1579,2757,4372,6784,9766,13686,18477,25760,23691,31025,29803,37091,36898,39180
USA,2010,1,short,4,3,27,5,2,1,4,6,6,8,12,12,18,23,30,41,57,83,135,218,571,408,984,874,1534,1446,2486
USA,2010,1,short,4,4,55,9,4,7,8,18,27,43,67,106,185,277,459,647,914,1264,1898,2735,4876,4079,6904,6392,9441,9044,13743
USA,2010,1,short,4,5,0,0,0,0,2,8,15,23,30,53,89,120,146,172,272,504,1363,3413,11383,7945,20133,17643,32495,30838,50435
USA,2010,1,short,4,6,97,19,11,13,23,31,30,34,37,58,89,129,191,298,503,1030,2413,4957,11564,9252,17451,16142,23946,23713,26460
USA,2010,1,short,4,7,103,11,3,6,22,45,78,148,265,488,933,1541,2347,3314,4729,7084,11641,20508,50413,37678,82827,72612,133543,127025,204091
USA,2010,1,short,4,8,33,3,3,3,5,5,8,18,35,67,116,187,283,423,706,1216,2213,4024,8972,7101,13732,12588,19407,18850,25437
USA,2010,1,short,4,9,12,0,0,0,2,3,7,12,19,30,43,60,93,143,239,365,613,996,2200,1665,3559,3169,5496,5166,9064
USA,2010,1,short,4,10,74,8,2,2,3,7,10,13,17,27,41,60,99,147,254,459,875,1787,5187,3593,9245,7809,16370,14762,33771
USA,2010,1,short,4,11,105,12,7,6,7,10,14,19,23,38,89,199,396,763,1555,2821,4677,7474,13232,11283,18192,16813,25038,24056,35671
USA,2010,1,short,4,12,62,5,2,3,5,10,21,45,90,170,326,499,671,690,784,937,1309,1905,3566,2938,5163,4688,7520,7256,10379
USA,2010,1,short,4,13,5,0,1,1,2,3,4,5,8,12,20,32,43,67,96,145,232,384,776,598,1228,1125,1738,1696,2193
USA,2010,1,short,4,14,37,1,1,1,1,2,4,9,19,28,50,86,150,241,405,720,1268,2408,5698,4330,9181,8116,14469,13645,23390
USA,2010,1,short,4,15,5447,33,9,7,12,12,12,11,12,13,15,19,23,22,18,20,24,37,62,57,76,77,73,66,146
USA,2010,1,short,4,16,462,148,56,85,563,1017,1010,925,872,901,1026,1016,966,836,816,1003,1436,2221,4642,3768,6866,6149,10428,10109,13889
USA,2011,1,short,4,0,6587,292,133,170,685,1265,1366,1498,1770,2476,3974,6175,9074,12729,18067,27809,44004,72984,150770,119589,225692,203291,338604,325568,479556
USA,2011,1,short,4,1,163,9,4,4,4,14,27,48,65,116,201,300,404,423,464,671,1040,1651,3139,2583,4475,4105,6339,5948,10560
USA,2011,1,short,4,2,38,27,26,25,37,54,71,105,181,333,733,1536,2752,4361,6468,9607,13389,18177,25012,23112,29576,28763,33670,33566,34794
USA,2011,1,short,4,3,27,4,3,2,3,6,7,9,10,13,16,26,32,45,53,93,142,246,516,380,841,682,1643,1594,2166
USA,2011,1,short,4,4,59,9,5,5,9,17,30,50,70,109,190,302,464,681,963,1364,1912,2876,5112,4299,7064,6550,9657,9222,14351
USA,2011,1,short,4,5,0,0,0,0,2,10,16,22,33,56,86,122,145,177,270,571,1455,3795,12475,8608,21766,19050,35458,34155,49551
USA,2011,1,short,4,6,100,17,10,15,23,27,30,32,40,58,87,134,188,300,517,1035,2447,4993,11545,9173,17244,15989,23568,23143,28162
USA,2011,1,short,4,7,84,11,4,6,20,42,77,143,265,495,921,1520,2299,3302,4608,6923,11258,20056,49095,36534,79276,69816,126954,120977,191582
USA,2011,1,short,4,8,38,4,2,3,4,6,9,19,30,60,113,181,281,438,660,1185,2191,3954,8585,6842,12774,11525,19071,18580,24370
USA,2011,1,short,4,9,16,0,0,0,1,4,5,12,20,30,41,63,102,147,230,348,560,937,2053,1566,3224,2829,5215,4808,9613
USA,2011,1,short,4,10,80,10,3,3,4,8,13,16,20,27,46,74,111,163,253,468,875,1796,5443,3741,9535,7807,18242,16899,32763
USA,2011,1,short,4,11,102,11,6,6,8,12,14,18,21,43,95,208,414,783,1518,2760,4627,7594,13402,11448,18098,16654,25376,24455,35337
USA,2011,1,short,4,12,61,5,2,3,4,11,21,43,86,159,318,508,681,729,768,955,1293,1953,3601,2878,5340,4792,8100,7960,9614
USA,2011,1,short,4,13,4,1,0,1,1,2,3,6,9,12,18,33,44,65,94,146,233,390,799,619,1230,1079,1993,1876,3249
USA,2011,1,short,4,14,24,1,1,0,1,4,6,9,17,28,46,79,134,228,355,638,1145,2170,5330,4036,8439,7552,12909,12350,18954
USA,2011,1,short,4,15,5345,37,12,9,12,13,11,11,12,13,14,18,24,22,21,19,22,31,63,59,74,68,102,86,271
USA,2011,1,short,4,16,446,146,55,88,551,1033,1028,955,892,923,1048,1070,999,865,826,1027,1415,2366,4599,3709,6738,6030,10309,9947,14218
USA,2012,1,short,4,0,6504,292,126,162,659,1236,1378,1510,1783,2450,3860,6125,9120,12740,18144,27269,43141,71458,149128,117775,220425,197458,336166,322834,478171
USA,2012,1,short,4,1,164,13,4,3,4,13,31,44,59,102,189,282,404,448,487,642,1019,1600,3074,2585,4185,3884,5703,5475,8128
USA,2012,1,short,4,2,34,31,27,27,37,51,74,106,171,327,723,1526,2733,4271,6454,9438,13112,17777,24496,22604,28797,27741,34119,34143,33864
USA,2012,1,short,4,3,22,4,2,2,3,5,7,8,11,14,18,26,31,41,65,88,148,238,549,413,860,754,1395,1295,2463
USA,2012,1,short,4,4,51,11,6,4,8,18,29,43,70,113,190,288,460,686,967,1327,1902,2888,5006,4229,6774,6273,9299,9155,10836
USA,2012,1,short,4,5,0,0,0,0,2,10,17,23,27,53,80,123,161,201,284,593,1568,3960,13358,9265,22665,19755,37328,35653,55167
USA,2012,1,short,4,6,95,16,11,12,24,30,26,32,39,57,87,138,196,311,511,1052,2346,4994,11526,9123,16992,15566,24177,23591,30416
USA,2012,1,short,4,7,101,11,3,6,19,40,78,141,266,477,876,1512,2312,3342,4631,6779,10987,19467,48578,35893,77425,67583,127024,120255,199129
USA,2012,1,short,4,8,27,5,1,2,3,6,9,19,35,61,112,175,282,424,659,1160,2075,3828,8466,6624,12656,11298,19496,19037,24383
USA,2012,1,short,4,9,14,0,0,1,1,4,7,12,19,29,45,59,98,134,213,332,540,889,2028,1548,3120,2755,4957,4509,9728
USA,2012,1,short,4,10,65,10,2,2,3,6,8,13,13,23,36,60,102,154,241,427,816,1735,5020,3442,8611,7206,15689,14572,27583
USA,2012,1,short,4,11,83,10,5,5,7,10,13,18,23,42,88,207,413,772,1494,2697,4526,7335,13067,11027,17706,16166,25467,24921,31279
USA,2012,1,short,4,12,59,5,2,2,5,10,23,47,83,167,315,517,694,755,796,937,1294,1852,3378,2780,4738,4274,7076,6827,9728
USA,2012,1,short,4,13,3,0,0,1,2,3,4,6,8,12,18,28,50,65,96,144,246,378,797,622,1194,1082,1759,1705,2340
USA,2012,1,short,4,14,30,1,0,0,1,3,6,9,16,29,49,84,137,224,361,633,1137,2163,5042,3846,7763,6853,12345,11643,19827
USA,2012,1,short,4,15,5283,39,9,9,11,12,12,11,11,12,15,19,25,27,24,19,24,33,62,43,106,96,156,136,369
USA,2012,1,short,4,16,473,137,54,84,529,1016,1033,978,932,933,1021,1081,1021,885,860,1001,1401,2322,4679,3732,6833,6170,10175,9916,12931
USA,2013,1,short,4,0,6519,285,132,161,624,1213,1371,1544,1791,2469,3858,6097,9157,12931,17962,27452,43065,71440,148813,118152,215106,193369,322490,309165,464124
USA,2013,1,short,4,1,156,11,4,3,5,15,31,41,61,101,181,271,387,478,510,677,1017,1650,3086,2606,4124,3874,5358,5204,6991
USA,2013,1,short,4,2,31,26,26,24,37,46,74,109,174,323,706,1464,2684,4223,6245,9199,12749,17513,24172,22471,27850,27053,31786,31668,33039
USA,2013,1,short,4,3,26,4,2,1,3,5,6,9,11,12,21,26,33,43,59,84,132,231,506,385,769,651,1354,1291,2030
USA,2013,1,short,4,4,56,10,5,5,10,19,31,46,72,121,194,302,471,686,957,1352,1964,2890,4930,4117,6689,6148,9362,9097,12178
USA,2013,1,short,4,5,0,0,0,0,2,9,16,25,37,53,81,129,163,213,288,625,1542,4155,13672,9600,22475,19488,37231,36055,49726
USA,2013,1,short,4,6,103,15,13,13,25,30,33,34,40,63,93,137,200,317,514,1092,2446,5008,11426,9210,16217,14914,22655,21848,31234
USA,2013,1,short,4,7,93,13,3,6,19,39,74,143,252,491,887,1520,2330,3364,4637,6862,11041,19441,48364,35783,75568,66311,121295,114841,189892
USA,2013,1,short,4,8,31,3,2,2,3,5,9,17,32,62,109,177,282,439,649,1155,2093,3829,8217,6427,12089,10904,17944,17192,25935
USA,2013,1,short,4,9,11,1,0,0,2,3,7,12,19,28,46,61,95,142,210,329,521,887,1934,1489,2896,2469,5005,4595,9359
USA,2013,1,short,4,10,74,9,4,3,4,6,9,15,19,29,45,75,122,177,272,473,869,1789,5244,3645,8701,7259,15829,14518,29769
USA,2013,1,short,4,11,85,12,6,6,5,11,15,18,28,42,91,213,431,809,1469,2813,4581,7301,13152,11181,17414,16030,24247,23335,33940
USA,2013,1,short,4,12,56,6,2,3,5,9,24,52,89,165,314,503,692,797,807,966,1283,1877,3422,2879,4595,4220,6444,6340,7555
USA,2013,1,short,4,13,5,1,1,1,2,3,3,7,8,14,21,30,47,66,92,144,225,367,773,588,1173,1042,1818,1755,2481
USA,2013,1,short,4,14,32,1,0,1,1,3,5,10,16,27,45,87,137,238,360,645,1146,2115,5123,3857,7860,6956,12327,11874,17140
USA,2013,1,short,4,15,5287,34,10,8,10,12,9,14,13,13,15,21,25,26,20,18,27,30,64,54,85,74,143,103,564
USA,2013,1,short,4,16,473,140,53,84,493,997,1024,991,922,926,1008,1080,1057,912,872,1019,1427,2354,4727,3860,6601,5975,9694,9449,12293
USA,1999,2,short,4,0,6544,304,151,162,410,466,533,744,1145,1699,2485,3758,6106,9788,15343,23809,37708,65197,152864,112748,222745,191095,323961,304879,444240
USA,1999,2,short,4,1,127,13,7,5,7,19,40,74,95,115,126,126,159,217,343,497,763,1228,2722,2132,3750,3275,5268,5078,6462
USA,1999,2,short,4,2,33,31,27,25,34,48,74,143,301,551,955,1630,2666,4090,5837,7886,9913,12604,15845,15066,17202,16767,18595,18697,17955
USA,1999,2,short,4,3,20,4,3,2,4,6,6,10,11,17,20,22,30,41,54,89,136,237,623,423,970,789,1548,1421,2347
USA,1999,2,short,4,4,66,9,5,6,11,18,22,27,42,69,107,185,315,534,832,1225,1773,2817,5607,4396,7716,6799,10649,10114,14022
USA,1999,2,short,4,5,2,1,1,1,2,5,7,14,22,29,35,28,33,45,70,168,453,1311,5846,3531,9879,7892,16235,15063,23624
USA,1999,2,short,4,6,111,23,12,11,12,15,16,19,28,42,69,97,132,203,346,665,1434,3211,8349,6168,12146,10872,16222,15831,18686
USA,1999,2,short,4,7,140,11,5,7,17,27,41,73,133,236,395,694,1256,2270,3830,6508,11618,22632,63357,43735,97537,81156,149925,138933,219209
USA,1999,2,short,4,8,21,3,1,2,3,6,11,18,42,73,119,163,282,441,815,1558,3171,6670,17464,12853,25497,22563,34878,34003,40391
USA,1999,2,short,4,9,8,0,0,0,1,3,3,6,10,18,25,36,65,117,220,408,737,1416,3997,2696,6264,5015,10258,9322,16156
USA,1999,2,short,4,10,99,11,2,2,4,6,6,9,19,24,31,41,73,123,194,403,879,2040,7401,4502,12450,9790,20958,18678,35330
USA,1999,2,short,4,11,70,9,4,5,7,8,15,20,26,48,85,166,379,727,1357,2280,3454,5249,8183,7146,9988,9198,12516,12078,15272
USA,1999,2,short,4,12,98,8,3,4,4,8,11,28,61,99,142,184,260,401,581,853,1280,2098,4580,3552,6370,5668,8615,8241,10976
USA,1999,2,short,4,13,2,1,1,2,5,8,11,13,19,26,38,48,64,99,151,217,364,596,1458,1034,2198,1852,3302,2999,5213
USA,1999,2,short,4,14,52,1,1,1,6,11,18,19,22,26,34,60,105,180,332,553,955,1792,4586,3320,6789,5892,9658,9261,12163
USA,1999,2,short,4,15,5400,38,12,12,9,10,11,12,11,12,16,17,22,23,28,23,34,47,80,71,95,83,132,134,122
USA,1999,2,short,4,16,297,139,67,73,284,269,241,259,303,314,289,262,265,275,351,476,742,1247,2767,2121,3893,3484,5202,5026,6310
USA,2000,2,short,4,0,6433,289,141,160,393,466,532,734,1137,1728,2507,3771,6038,9677,15143,23473,37576,64657,152889,112278,223682,192110,324963,304585,453957
USA,2000,2,short,4,1,128,14,5,5,7,15,40,72,93,116,127,126,154,222,323,489,753,1220,2625,2087,3564,3116,4998,4756,6535
USA,2000,2,short,4,2,38,29,26,25,33,46,77,147,295,556,967,1611,2630,4042,5787,7853,9989,12693,16123,15171,17782,17426,18924,18999,18451
USA,2000,2,short,4,3,16,6,1,2,3,5,6,10,13,17,20,26,34,45,63,82,142,259,615,440,919,740,1491,1376,2219
USA,2000,2,short,4,4,63,10,4,6,10,15,21,28,45,72,109,195,325,521,821,1219,1834,2812,5507,4352,7519,6584,10518,9846,14773
USA,2000,2,short,4,5,3,1,0,1,3,5,7,13,19,33,36,31,40,46,77,184,508,1508,6403,3812,10919,8707,18013,16638,26719
USA,2000,2,short,4,6,91,21,12,12,14,14,16,22,30,45,66,103,148,219,350,696,1558,3461,9247,6760,13582,12023,18581,18184,21096
USA,2000,2,short,4,7,126,11,4,7,17,27,42,70,131,235,383,673,1219,2168,3699,6198,11234,21636,62152,42520,96373,80283,147989,136864,218411
USA,2000,2,short,4,8,27,4,1,3,3,7,11,20,41,77,122,173,267,461,816,1520,3108,6533,17248,12729,25124,22245,34360,32974,43133
USA,2000,2,short,4,9,12,1,0,1,1,4,6,8,11,17,28,38,61,122,229,411,723,1363,3829,2542,6072,4894,9852,9007,15198
USA,2000,2,short,4,10,79,9,2,2,3,7,7,10,18,23,33,44,71,126,215,430,889,2092,7290,4525,12109,9671,19932,17755,33711
USA,2000,2,short,4,11,74,9,4,6,6,9,12,17,26,50,85,166,359,710,1357,2285,3476,5236,8371,7240,10342,9489,13078,12599,16111
USA,2000,2,short,4,12,115,5,3,4,3,8,11,26,60,107,151,193,272,387,558,845,1276,2138,4639,3648,6366,5681,8563,8159,11125
USA,2000,2,short,4,13,3,1,0,2,3,9,13,13,19,26,36,46,61,97,150,217,364,620,1493,1032,2297,1933,3466,3130,5593
USA,2000,2,short,4,14,40,2,1,1,4,13,15,20,23,26,35,60,104,194,339,558,991,1855,4557,3327,6702,5787,9639,9101,13040
USA,2000,2,short,4,15,5307,37,11,11,9,10,10,11,11,12,13,15,24,25,25,23,33,49,66,57,83,71,122,123,122
USA,2000,2,short,4,16,310,129,66,72,273,273,238,247,302,317,297,271,269,293,334,463,699,1183,2725,2035,3928,3458,5437,5076,7721
USA,2001,2,short,4,0,6245,295,139,153,382,466,557,754,1183,1774,2579,3828,5983,9474,14812,23093,37104,63590,152486,112237,222489,190429,325559,305615,452698
USA,2001,2,short,4,1,140,14,5,5,9,18,36,62,92,118,132,134,160,240,350,508,775,1202,2536,2008,3454,3110,4560,4384,5683
USA,2001,2,short,4,2,32,31,28,26,32,45,80,151,300,561,970,1601,2586,3931,5625,7748,9901,12434,15886,15041,17356,17100,18180,18513,16051
USA,2001,2,short,4,3,25,4,2,2,4,5,5,10,11,21,23,25,34,44,62,88,149,237,630,433,972,787,1566,1390,2690
USA,2001,2,short,4,4,68,13,5,5,10,16,22,29,47,67,116,202,323,518,803,1208,1816,2833,5621,4442,7670,6673,10877,10340,14297
USA,2001,2,short,4,5,1,1,1,1,3,3,8,12,22,34,39,34,40,49,87,195,591,1620,7022,4200,11930,9496,19757,18532,27567
USA,2001,2,short,4,6,83,20,12,11,13,16,17,24,27,47,71,99,155,227,355,720,1597,3602,9893,7202,14573,12701,20591,20108,23668
USA,2001,2,short,4,7,128,15,6,8,13,25,44,76,133,241,394,693,1194,2066,3537,5966,10746,21106,61061,41736,94672,78539,146542,134971,220308
USA,2001,2,short,4,8,24,4,2,2,3,7,10,20,38,74,112,167,255,428,751,1463,3019,6268,16672,12339,24209,21371,33332,32154,40837
USA,2001,2,short,4,9,8,0,0,1,1,3,6,8,11,18,24,38,67,120,227,383,736,1307,3798,2562,5947,4824,9557,8680,15144
USA,2001,2,short,4,10,85,10,3,2,3,5,7,9,17,23,31,43,66,114,195,400,815,1903,6869,4371,11213,8909,18622,16645,31226
USA,2001,2,short,4,11,71,8,3,5,6,10,13,18,29,47,82,166,361,728,1370,2276,3517,5211,8756,7589,10784,9791,13980,13428,17502
USA,2001,2,short,4,12,109,6,3,3,3,7,13,25,63,108,169,201,262,394,583,845,1285,2119,4641,3623,6411,5709,8669,8355,10670
USA,2001,2,short,4,13,2,0,1,1,6,10,12,14,20,26,33,44,63,98,147,220,357,628,1515,1090,2255,1904,3385,3129,5018
USA,2001,2,short,4,14,38,2,1,1,5,13,16,20,24,28,41,64,115,197,351,589,1029,1844,4718,3453,6918,5978,9940,9299,14026
USA,2001,2,short,4,15,5097,43,9,9,10,12,12,11,12,13,14,18,21,26,21,24,31,41,75,61,100,87,141,135,181
USA,2001,2,short,4,16,333,124,59,69,260,272,257,265,338,349,327,300,282,294,347,460,738,1235,2793,2087,4022,3451,5861,5552,7829
USA,2002,2,short,4,0,6336,272,136,158,397,471,540,743,1167,1807,2633,3777,5894,9273,14483,22873,36732,63202,152936,111693,224370,192160,328194,307874,459370
USA,2002,2,short,4,1,148,10,4,7,9,14,36,60,92,121,143,143,173,231,360,539,836,1305,2677,2138,3611,3196,4947,4792,5948
USA,2002,2,short,4,2,38,30,27,25,33,45,68,149,287,548,947,1556,2517,3886,5556,7691,9867,12374,15934,15055,17455,17088,18640,18726,18086
USA,2002,2,short,4,3,16,5,3,2,3,5,6,9,13,19,24,26,30,41,64,88,133,252,619,432,944,781,1468,1342,2276
USA,2002,2,short,4,4,61,11,3,5,9,16,24,30,49,73,120,200,324,508,818,1214,1831,2827,5518,4375,7496,6596,10397,9860,13868
USA,2002,2,short,4,5,3,1,1,1,2,5,7,14,25,38,41,34,41,52,84,219,614,1752,7748,4612,13178,10581,21552,20082,31043
USA,2002,2,short,4,6,83,19,10,12,12,16,17,19,26,46,72,100,151,228,377,733,1677,3805,10761,7827,15842,13667,22855,22382,25914
USA,2002,2,short,4,7,126,11,5,6,14,22,42,70,137,243,410,670,1170,1991,3392,5790,10397,20328,59899,40536,93435,77621,144412,133158,217064
USA,2002,2,short,4,8,27,3,2,3,2,5,9,20,38,75,115,165,250,417,723,1466,2913,6140,16451,11975,24203,21312,33522,32242,41785
USA,2002,2,short,4,9,12,0,0,1,2,2,5,9,13,16,26,39,68,118,214,383,690,1279,3620,2410,5716,4628,9221,8229,15628
USA,2002,2,short,4,10,63,9,3,3,4,4,8,9,16,23,36,44,71,120,203,411,877,1981,7160,4456,11841,9361,19836,17668,33835
USA,2002,2,short,4,11,70,7,4,7,5,10,11,17,28,47,87,160,347,696,1301,2232,3474,5254,8724,7493,10856,9850,14100,13567,17540
USA,2002,2,short,4,12,105,8,2,4,5,8,13,24,58,116,163,198,273,373,554,836,1279,2108,4590,3545,6398,5764,8442,8142,10379
USA,2002,2,short,4,13,1,1,1,2,4,10,11,13,19,26,35,45,68,102,142,222,367,592,1566,1114,2347,1954,3615,3235,6069
USA,2002,2,short,4,14,38,1,1,1,5,11,18,20,24,27,42,63,117,191,331,568,1022,1888,4735,3504,6868,6071,9436,8976,12411
USA,2002,2,short,4,15,5230,38,11,11,11,12,9,11,13,13,14,19,24,22,23,23,29,51,71,64,84,78,103,115,30
USA,2002,2,short,4,16,315,118,58,71,278,285,254,269,329,377,360,315,271,297,340,460,727,1266,2865,2155,4094,3612,5648,5362,7496
USA,2003,2,short,4,0,6229,280,131,148,385,497,558,736,1154,1794,2640,3793,5779,9260,14163,22434,36238,61535,151943,110454,223654,190422,331068,310064,467633
USA,2003,2,short,4,1,127,11,6,5,8,16,31,52,93,119,142,158,179,247,338,540,870,1323,2737,2203,3659,3271,4914,4780,5780
USA,2003,2,short,4,2,38,26,26,28,27,46,75,137,281,525,925,1518,2456,3868,5453,7545,9840,12233,15945,15058,17478,17233,18270,18380,17552
USA,2003,2,short,4,3,24,5,2,3,3,6,7,9,12,16,19,26,32,41,56,84,128,225,632,419,1000,823,1571,1470,2228
USA,2003,2,short,4,4,58,11,3,5,10,16,25,30,50,71,123,203,329,514,784,1181,1763,2711,5426,4285,7399,6434,10517,9977,14029
USA,2003,2,short,4,5,1,1,1,1,3,5,8,13,24,36,43,41,41,63,94,234,678,1866,8237,4956,13908,10967,23413,21361,36759
USA,2003,2,short,4,6,95,19,12,12,13,18,20,22,31,42,70,100,151,239,393,784,1757,3882,11511,8175,17275,14977,24703,24137,28389
USA,2003,2,short,4,7,103,13,5,6,15,29,46,76,134,258,416,654,1113,1946,3211,5555,9996,19454,58656,39350,92026,76042,143689,132186,218478
USA,2003,2,short,4,8,24,3,1,2,4,7,10,18,34,73,110,165,247,391,694,1347,2760,5727,15761,11477,23165,20163,32869,31414,42328
USA,2003,2,short,4,9,13,0,0,1,2,3,5,8,12,19,30,38,57,112,194,374,650,1217,3511,2356,5506,4423,9005,8163,14481
USA,2003,2,short,4,10,82,12,4,4,3,8,7,9,16,24,37,50,69,129,207,395,852,1893,6947,4291,11536,9063,19530,17389,33448
USA,2003,2,short,4,11,66,7,2,5,7,8,10,16,27,50,87,160,331,717,1320,2242,3545,5208,8826,7589,10963,10015,14028,13713,16077
USA,2003,2,short,4,12,113,8,3,3,4,7,14,24,58,112,162,209,271,372,573,835,1276,2028,4511,3455,6335,5607,8688,8353,10868
USA,2003,2,short,4,13,3,1,1,1,5,10,13,18,18,25,36,50,68,103,136,228,358,615,1497,1041,2286,1854,3683,3356,5810
USA,2003,2,short,4,14,45,2,1,1,5,14,20,23,26,32,45,65,112,207,349,596,1013,1860,4781,3535,6933,5966,10058,9642,12765
USA,2003,2,short,4,15,5132,42,10,10,9,10,9,12,11,13,14,18,23,23,22,21,32,45,75,60,101,88,142,127,241
USA,2003,2,short,4,16,307,120,55,63,267,296,258,270,329,380,379,339,300,289,339,472,721,1248,2891,2201,4083,3494,5988,5617,8400
USA,2004,2,short,4,0,6243,277,131,153,393,473,550,727,1092,1754,2630,3711,5579,8886,13704,21735,34775,59158,144472,104974,212365,181777,311701,292062,440749
USA,2004,2,short,4,1,102,13,4,4,7,14,32,54,84,118,138,169,177,246,346,534,832,1332,2644,2096,3584,3239,4706,4570,5597
USA,2004,2,short,4,2,39,29,26,24,32,41,69,136,261,512,903,1461,2377,3735,5402,7442,9601,12051,15567,14686,17083,16770,18102,18083,18227
USA,2004,2,short,4,3,19,4,3,2,4,5,8,8,10,16,19,24,27,41,55,83,130,222,590,393,930,764,1471,1344,2305
USA,2004,2,short,4,4,44,9,5,6,8,16,21,35,46,71,119,187,317,490,748,1153,1702,2627,5159,4068,7033,6246,9590,9095,12841
USA,2004,2,short,4,5,0,1,0,1,4,7,8,13,21,33,50,44,43,56,96,241,673,1890,8153,4923,13706,10855,22967,21356,33551
USA,2004,2,short,4,6,85,22,11,12,12,17,18,22,30,43,69,102,152,233,382,736,1767,3926,11740,8313,17630,15299,25199,24160,32025
USA,2004,2,short,4,7,103,13,5,7,13,23,42,69,130,240,409,649,1033,1800,2984,5231,9254,18161,54920,36735,86177,71260,134624,123842,205469
USA,2004,2,short,4,8,30,2,2,2,3,7,10,19,32,70,112,156,233,375,680,1286,2604,5347,14461,10565,21158,18639,29340,28052,37802
USA,2004,2,short,4,9,10,1,0,1,0,3,5,8,12,18,26,35,58,103,191,350,629,1144,3248,2182,5080,4075,8347,7586,13349
USA,2004,2,short,4,10,71,12,2,2,3,4,4,8,13,24,31,43,69,116,187,380,785,1711,6029,3730,9982,7960,16547,14711,28613
USA,2004,2,short,4,11,77,8,3,4,6,8,10,12,25,46,88,152,322,689,1242,2194,3428,5022,8468,7310,10458,9684,12974,12657,15055
USA,2004,2,short,4,12,135,6,2,3,5,8,10,20,51,103,163,206,262,380,538,823,1222,1979,4393,3358,6174,5456,8506,8269,10056
USA,2004,2,short,4,13,3,1,1,2,4,8,13,12,19,26,35,46,73,94,146,224,350,618,1423,1015,2124,1753,3329,3034,5268
USA,2004,2,short,4,14,42,1,1,1,6,17,23,27,26,30,45,73,116,195,342,579,1034,1828,4702,3396,6948,5998,10034,9534,13320
USA,2004,2,short,4,15,5138,37,11,9,11,9,10,10,8,12,13,17,20,21,23,20,27,47,64,53,85,74,120,102,239
USA,2004,2,short,4,16,347,119,55,73,277,284,265,274,322,393,410,346,301,312,343,458,735,1252,2909,2152,4211,3707,5846,5666,7034
USA,2005,2,short,4,0,6325,257,135,142,366,480,548,744,1093,1756,2652,3799,5493,8809,13473,21486,34629,58721,147041,105976,217627,185419,322251,302154,455553
USA,2005,2,short,4,1,119,11,4,4,8,13,28,52,76,107,135,174,181,236,351,550,852,1377,2826,2231,3848,3429,5209,5077,6084
USA,2005,2,short,4,2,36,25,26,24,30,41,66,131,257,520,926,1481,2310,3691,5200,7321,9567,11900,15668,14801,17160,16818,18269,18320,17929
USA,2005,2,short,4,3,20,4,1,1,3,5,6,8,12,16,20,27,29,42,59,89,135,205,584,415,876,693,1470,1315,2498
USA,2005,2,short,4,4,54,9,4,7,9,17,22,32,50,69,109,198,309,497,773,1149,1750,2652,5365,4249,7282,6462,9947,9315,14137
USA,2005,2,short,4,5,1,0,0,1,2,7,9,11,23,34,50,50,49,66,113,279,754,2179,9519,5707,16072,12746,26878,25023,39179
USA,2005,2,short,4,6,76,17,11,12,13,16,18,20,30,47,75,111,158,247,383,787,1804,4126,12672,8838,19261,16457,28371,27432,34595
USA,2005,2,short,4,7,87,9,6,6,12,24,40,73,128,235,406,644,1008,1779,2899,5007,9014,17548,54545,35969,86474,71272,135856,125274,206044
USA,2005,2,short,4,8,28,3,3,1,4,6,9,17,34,69,115,163,218,359,639,1207,2394,4968,13497,9781,19885,17486,27679,26260,37092
USA,2005,2,short,4,9,10,0,0,0,1,3,6,7,11,19,24,36,54,100,179,318,605,1112,3244,2187,5062,4130,8092,7456,12315
USA,2005,2,short,4,10,76,9,3,3,2,4,8,10,13,25,35,49,71,121,201,405,804,1751,6347,3931,10498,8250,17800,15915,30303
USA,2005,2,short,4,11,71,8,4,3,4,8,8,17,25,48,96,167,329,695,1276,2256,3569,5208,9139,7787,11463,10521,14525,14216,16578
USA,2005,2,short,4,12,127,7,3,2,4,7,13,23,48,103,158,208,265,365,541,807,1201,1938,4303,3290,6045,5371,8235,8001,9787
USA,2005,2,short,4,13,1,1,1,2,3,9,12,14,18,26,35,45,68,92,140,217,341,598,1429,996,2172,1762,3505,3200,5526
USA,2005,2,short,4,14,42,1,1,1,7,19,25,27,29,30,44,64,113,185,347,601,1074,1864,4845,3546,7078,6144,10112,9523,14020
USA,2005,2,short,4,15,5216,38,13,10,8,10,11,10,10,13,14,18,21,23,17,20,22,36,70,59,87,84,98,95,118
USA,2005,2,short,4,16,363,113,55,63,254,292,267,292,330,395,410,363,310,311,355,473,740,1257,2988,2187,4363,3796,6205,5731,9347
USA,2006,2,short,4,0,6321,268,124,131,361,488,572,730,1086,1739,2636,3767,5518,8489,12999,20812,33640,56628,140848,101054,210571,179479,311165,291453,442492
USA,2006,2,short,4,1,115,11,4,4,7,15,28,45,75,102,135,164,189,239,354,561,875,1412,2738,2205,3672,3377,4625,4560,5065
USA,2006,2,short,4,2,36,28,23,22,28,40,71,135,256,495,905,1452,2295,3568,5149,7268,9557,11712,15475,14403,17353,17023,18423,18538,17654
USA,2006,2,short,4,3,23,3,1,2,3,4,6,8,11,15,20,26,30,40,55,84,115,201,470,334,710,566,1175,1082,1794
USA,2006,2,short,4,4,42,12,4,5,8,17,24,34,45,76,112,188,316,472,721,1067,1608,2446,4785,3846,6430,5699,8794,8198,12763
USA,2006,2,short,4,5,0,0,1,1,2,7,10,13,24,38,52,54,55,76,139,353,1022,2788,12093,7296,20498,16466,33543,31236,48911
USA,2006,2,short,4,6,86,16,9,11,15,18,20,23,29,49,70,108,161,239,382,776,1794,4088,12521,8675,19260,16731,27443,26449,34064
USA,2006,2,short,4,7,83,10,4,7,12,25,40,71,120,238,405,631,1007,1667,2668,4691,8478,16338,51027,33503,81730,66871,129803,119050,201438
USA,2006,2,short,4,8,31,4,2,2,4,6,8,17,32,67,106,159,221,361,602,1165,2280,4591,12292,8972,18110,15778,25656,24594,32733
USA,2006,2,short,4,9,13,1,0,0,2,3,4,7,10,14,26,31,49,86,157,297,534,957,2566,1724,4043,3375,6203,5696,9580
USA,2006,2,short,4,10,65,10,3,1,4,5,6,11,13,22,32,45,61,102,187,352,712,1569,5265,3239,8815,6924,14934,13383,25267
USA,2006,2,short,4,11,80,7,4,3,5,6,10,16,21,49,92,167,316,647,1251,2133,3353,4930,8498,7222,10732,9853,13578,13231,15889
USA,2006,2,short,4,12,130,7,3,3,3,8,11,24,49,104,161,220,274,365,506,791,1191,1879,4176,3142,5986,5304,8193,7919,10014
USA,2006,2,short,4,13,4,0,1,2,5,8,12,13,18,25,33,43,69,94,128,212,337,554,1241,864,1901,1587,2917,2611,4949
USA,2006,2,short,4,14,34,1,1,1,5,19,24,26,28,30,43,73,118,197,343,577,1031,1881,4718,3466,6913,6116,9493,8954,13081
USA,2006,2,short,4,15,5231,40,11,7,9,9,9,9,9,10,14,13,19,20,18,18,24,29,57,48,73,65,100,85,203
USA,2006,2,short,4,16,347,118,54,60,251,297,289,279,343,404,430,391,339,314,340,466,731,1251,2926,2117,4344,3744,6286,5866,9088
USA,2007,2,short,4,0,6377,265,124,135,349,479,570,726,1061,1671,2586,3746,5327,8262,12730,20145,32989,55319,137155,98265,206290,175043,306274,286447,438729
USA,2007,2,short,4,1,114,10,3,3,7,14,27,44,70,102,135,171,194,242,354,544,855,1366,2726,2224,3619,3240,4830,4685,5792
USA,2007,2,short,4,2,35,27,26,25,28,41,63,127,248,480,879,1416,2217,3479,5138,7093,9409,11750,15114,14138,16848,16415,18235,18296,17826
USA,2007,2,short,4,3,25,5,2,1,3,4,6,6,10,14,18,23,29,43,59,95,130,216,553,377,868,720,1340,1280,1743
USA,2007,2,short,4,4,54,8,4,4,8,14,23,31,45,75,105,191,293,461,647,1032,1600,2399,4710,3767,6386,5726,8496,7920,12344
USA,2007,2,short,4,5,0,0,0,1,2,5,9,10,13,30,40,39,48,69,123,340,999,2810,11984,7107,20653,16532,33842,31080,52296
USA,2007,2,short,4,6,102,16,10,11,14,18,17,27,32,45,69,109,163,237,403,807,1884,4118,12533,8612,19502,16609,28758,27393,37873
USA,2007,2,short,4,7,96,12,5,6,11,27,44,69,121,220,387,618,944,1578,2536,4386,8028,15523,48589,31769,78490,64017,124800,114878,191080
USA,2007,2,short,4,8,28,4,2,3,3,5,9,17,32,61,106,157,210,335,599,1089,2176,4416,12108,8791,18006,15757,25201,24318,31097
USA,2007,2,short,4,9,14,1,0,0,2,2,4,6,11,16,22,32,48,82,145,289,520,895,2436,1663,3812,3064,6206,5528,10741
USA,2007,2,short,4,10,55,9,3,3,3,4,7,9,13,19,30,42,60,95,167,326,667,1361,4831,2979,8124,6378,13712,12069,24686
USA,2007,2,short,4,11,75,8,4,4,5,7,10,14,23,43,87,167,302,645,1215,2111,3391,5021,8596,7221,11039,10144,13905,13533,16392
USA,2007,2,short,4,12,139,9,2,3,4,9,14,22,50,97,167,226,276,367,505,773,1188,1822,4005,3030,5738,5096,7791,7551,9391
USA,2007,2,short,4,13,4,1,0,2,3,8,11,13,16,22,31,44,58,93,143,199,331,519,1225,893,1814,1491,2847,2604,4470
USA,2007,2,short,4,14,43,2,1,1,6,16,23,28,33,30,48,73,119,188,348,599,1058,1828,4652,3454,6783,5909,9580,8855,14423
USA,2007,2,short,4,15,5200,40,11,9,8,8,9,9,11,13,12,18,17,19,16,17,22,39,53,50,60,54,79,74,112
USA,2007,2,short,4,16,393,111,50,59,241,297,295,292,333,405,449,421,348,329,331,447,730,1236,3040,2190,4549,3892,6653,6382,8463
USA,2008,2,short,4,0,6166,258,113,125,320,456,558,710,1033,1665,2603,3758,5279,8173,12727,20181,33065,55575,138344,98367,209589,176893,313891,293433,450880
USA,2008,2,short,4,1,116,12,2,3,7,14,23,42,60,95,125,169,202,256,369,548,915,1442,2793,2260,3742,3366,4942,4746,6251
USA,2008,2,short,4,2,30,27,28,22,27,39,67,122,245,463,858,1404,2142,3343,5087,6981,9265,11646,15058,14066,16825,16441,18051,17868,19271
USA,2008,2,short,4,3,19,5,2,2,3,3,6,8,11,13,17,23,32,41,59,87,140,218,546,374,853,706,1324,1203,2129
USA,2008,2,short,4,4,62,9,5,5,7,15,23,33,46,73,112,173,286,450,668,1038,1532,2310,4652,3678,6387,5661,8700,8189,12119
USA,2008,2,short,4,5,1,0,1,0,2,4,7,9,16,28,36,48,49,70,139,391,1142,3280,13803,8194,23799,18898,39436,36463,59341
USA,2008,2,short,4,6,101,16,9,12,14,18,20,23,29,52,75,109,163,256,401,855,1959,4372,13359,9238,20704,17459,31055,29823,39306
USA,2008,2,short,4,7,94,12,5,6,11,22,44,72,118,232,401,641,931,1577,2472,4280,7866,15089,47664,30840,77648,63092,124082,113979,191731
USA,2008,2,short,4,8,37,5,2,3,3,5,10,15,31,60,104,146,215,320,573,1067,2155,4278,11622,8294,17553,15255,24885,23596,33520
USA,2008,2,short,4,9,6,1,0,0,2,3,4,7,11,15,23,31,46,79,134,250,452,819,2246,1514,3550,2860,5749,5291,8818
USA,2008,2,short,4,10,67,12,2,3,3,5,7,11,15,23,38,55,70,113,182,356,692,1444,4938,3024,8349,6488,14286,12673,25085
USA,2008,2,short,4,11,59,9,3,5,6,8,11,14,21,48,97,180,310,678,1315,2289,3667,5382,9180,7686,11842,10793,15188,14778,17933
USA,2008,2,short,4,12,141,7,3,3,4,8,13,29,50,104,169,233,289,370,512,756,1183,1809,3921,2964,5626,4901,7939,7689,9609
USA,2008,2,short,4,13,6,0,1,1,4,8,10,13,18,21,33,40,59,89,134,200,325,520,1192,840,1819,1537,2717,2450,4504
USA,2008,2,short,4,14,46,1,1,1,5,17,24,28,29,31,41,70,113,199,333,596,1009,1703,4229,3113,6218,5385,8875,8329,12529
USA,2008,2,short,4,15,4980,36,10,9,8,10,9,8,9,10,13,18,21,20,16,18,24,29,55,45,72,63,100,111,27
USA,2008,2,short,4,16,403,106,42,50,214,276,280,276,323,398,459,417,351,311,334,471,738,1235,3087,2237,4602,3987,6564,6243,8708
USA,2009,2,short,4,0,5886,247,114,127,310,455,578,740,1044,1642,2602,3808,5276,7942,12282,19477,31786,53361,129961,93377,195263,165010,290689,271628,418171
USA,2009,2,short,4,1,168,10,4,5,6,11,24,38,58,87,122,164,209,256,374,558,888,1460,2816,2295,3747,3348,5006,4907,5664
USA,2009,2,short,4,2,33,26,24,22,27,38,68,129,246,465,865,1423,2131,3299,4888,6892,9096,11448,14683,13848,16173,15711,17630,17674,17333
USA,2009,2,short,4,3,22,4,2,2,3,4,6,8,10,17,19,23,29,39,55,81,115,207,512,340,819,660,1320,1192,2176
USA,2009,2,short,4,4,45,8,4,6,9,16,24,31,46,69,112,179,280,419,621,943,1478,2228,4396,3512,5974,5250,8259,7863,10908
USA,2009,2,short,4,5,0,1,1,1,1,5,7,8,16,22,36,47,50,69,146,391,1195,3233,13498,8123,23091,18374,37969,34883,58608
USA,2009,2,short,4,6,80,18,9,12,14,19,20,25,34,49,69,108,163,255,397,798,1843,4165,12547,8652,19499,16536,28846,27407,38468
USA,2009,2,short,4,7,92,10,6,5,11,24,39,71,120,223,378,607,919,1490,2376,4067,7433,14261,44038,28784,71266,58041,112980,103603,175690
USA,2009,2,short,4,8,31,3,1,2,2,6,9,15,29,57,104,145,195,316,512,1026,2048,4000,10715,7770,15970,13895,22517,21586,28740
USA,2009,2,short,4,9,12,0,0,1,1,2,4,8,10,17,24,32,40,73,133,226,441,776,2078,1432,3231,2642,5087,4518,8889
USA,2009,2,short,4,10,69,13,5,7,7,12,20,20,22,36,51,73,85,118,187,330,635,1266,4070,2539,6802,5323,11469,10294,19326
USA,2009,2,short,4,11,57,10,5,4,6,9,14,17,27,46,105,200,332,648,1267,2190,3467,5205,8722,7276,11304,10257,14605,14119,17857
USA,2009,2,short,4,12,42,4,2,2,3,8,16,26,51,104,171,238,293,366,497,749,1125,1672,3596,2747,5110,4569,6818,6488,9021
USA,2009,2,short,4,13,4,1,1,1,1,7,10,12,17,23,32,46,57,82,127,198,301,478,1113,796,1680,1369,2664,2408,4379
USA,2009,2,short,4,14,27,2,1,1,7,22,28,31,35,35,51,72,108,188,333,567,1008,1723,4119,3053,6022,5102,8926,8351,12770
USA,2009,2,short,4,15,4852,35,10,8,10,9,10,8,9,9,12,14,20,20,21,15,18,26,54,45,69,68,73,69,105
USA,2009,2,short,4,16,352,102,40,49,202,262,280,292,314,383,453,436,364,305,347,447,695,1215,3006,2165,4506,3867,6520,6264,8235
USA,2010,2,short,4,0,5608,234,101,121,283,446,556,722,1032,1538,2505,3742,5214,7738,12158,19117,31494,53179,130765,92941,197196,166010,294882,275629,422298
USA,2010,2,short,4,1,159,10,4,3,5,10,19,33,48,72,108,154,212,242,349,546,878,1397,2730,2231,3608,3199,4890,4732,5937
USA,2010,2,short,4,2,29,24,23,26,25,37,66,125,231,436,833,1421,2106,3208,4860,6788,9026,11548,14699,13782,16308,15896,17599,17593,17638
USA,2010,2,short,4,3,22,4,2,2,2,4,7,7,10,13,17,23,29,37,54,80,124,208,517,339,829,656,1372,1268,2062
USA,2010,2,short,4,4,44,9,5,5,8,16,25,33,48,72,108,173,265,410,611,926,1397,2200,4377,3397,6099,5352,8438,8024,11179
USA,2010,2,short,4,5,1,1,0,1,2,4,9,11,14,22,36,46,52,79,165,424,1303,3591,15039,8955,25723,20505,42070,39023,62229
USA,2010,2,short,4,6,85,14,9,10,13,18,18,21,34,45,70,111,159,251,429,817,1949,4278,13036,8953,20207,17104,29927,28379,40170
USA,2010,2,short,4,7,71,9,4,6,10,20,37,69,120,213,389,604,903,1429,2318,3881,7181,13754,43164,27810,70129,56566,112616,103184,175043
USA,2010,2,short,4,8,35,3,2,2,3,5,8,17,28,58,91,141,190,305,520,1002,1989,3927,10610,7600,15898,13778,22538,21616,28643
USA,2010,2,short,4,9,12,0,0,0,2,2,3,8,11,15,26,31,44,75,124,218,414,761,1997,1360,3117,2543,4917,4492,7726
USA,2010,2,short,4,10,50,7,3,2,2,6,7,10,13,21,31,45,64,100,168,308,592,1222,3923,2455,6500,5088,10922,9660,19278
USA,2010,2,short,4,11,70,10,3,5,5,8,10,15,25,43,100,191,327,607,1236,2161,3498,5147,8692,7258,11209,10277,14128,13632,17414
USA,2010,2,short,4,12,45,5,2,2,4,7,15,27,52,92,174,240,290,377,506,737,1107,1680,3557,2689,5080,4456,7033,6771,8770
USA,2010,2,short,4,13,4,1,1,2,3,6,9,13,16,21,28,42,56,86,125,190,293,450,1077,770,1616,1297,2613,2366,4248
USA,2010,2,short,4,14,29,1,1,1,6,16,25,29,32,34,45,73,114,186,328,579,988,1720,4178,3072,6120,5254,8831,8220,12868
USA,2010,2,short,4,15,4601,40,9,7,7,8,8,9,10,10,13,15,20,20,18,19,23,28,52,40,75,70,89,76,174
USA,2010,2,short,4,16,350,97,36,47,187,278,290,296,340,372,438,432,383,327,348,442,732,1268,3117,2228,4677,3969,6898,6593,8919
USA,2011,2,short,4,0,5514,233,107,114,282,440,559,761,1025,1568,2512,3781,5277,7806,11893,18901,31235,53388,131585,93021,196531,165110,296901,277692,422946
USA,2011,2,short,4,1,131,11,5,3,5,11,17,32,48,72,107,153,206,260,357,534,892,1353,2862,2340,3741,3357,4966,4804,6032
USA,2011,2,short,4,2,27,26,22,19,27,40,63,122,234,435,809,1399,2099,3188,4687,6639,8874,11369,14580,13602,16228,15819,17533,17621,16952
USA,2011,2,short,4,3,22,3,3,2,3,3,5,9,9,13,20,24,30,39,55,84,133,201,514,341,806,641,1331,1196,2217
USA,2011,2,short,4,4,33,8,4,5,8,14,24,35,48,77,122,184,288,441,645,954,1472,2266,4388,3440,5985,5208,8468,7993,11587
USA,2011,2,short,4,5,1,1,0,1,2,6,7,10,12,23,41,49,57,88,174,470,1449,4036,16728,9901,28224,22277,47219,44023,68189
USA,2011,2,short,4,6,69,14,9,9,14,17,21,23,30,46,68,108,165,248,440,811,1969,4381,13087,8940,20069,16862,30316,28934,39388
USA,2011,2,short,4,7,79,11,6,5,9,21,39,73,123,212,374,596,906,1429,2220,3803,6875,13439,42244,27124,67706,54668,109358,100102,170094
USA,2011,2,short,4,8,32,2,2,2,3,5,8,16,29,51,91,132,189,312,502,951,1982,3928,10255,7291,15248,13264,21585,20526,28539
USA,2011,2,short,4,9,13,0,0,0,2,2,4,7,10,17,25,31,42,72,120,212,397,706,1909,1289,2952,2382,4774,4280,8012
USA,2011,2,short,4,10,55,10,4,3,3,7,11,12,15,26,34,51,73,111,181,324,609,1265,4094,2505,6769,5275,11541,10222,20195
USA,2011,2,short,4,11,72,7,3,5,5,7,9,15,22,43,99,200,339,616,1227,2163,3534,5404,9108,7577,11688,10656,14984,14586,17596
USA,2011,2,short,4,12,39,4,2,2,3,7,15,29,51,98,185,264,317,385,493,744,1090,1679,3539,2662,5016,4436,6867,6569,8823
USA,2011,2,short,4,13,3,1,1,1,3,5,7,12,15,20,29,42,58,86,120,184,306,480,1097,774,1641,1338,2610,2342,4364
USA,2011,2,short,4,14,24,1,0,1,4,17,24,28,31,33,39,69,100,182,296,543,914,1574,3844,2847,5524,4743,8019,7603,10753
USA,2011,2,short,4,15,4550,33,8,9,8,8,8,10,9,9,13,17,23,19,19,19,20,27,55,47,67,63,79,88,24
USA,2011,2,short,4,16,364,101,37,45,184,270,297,327,338,393,456,462,385,331,357,465,718,1280,3281,2339,4868,4121,7251,6804,10181
USA,2012,2,short,4,0,5438,232,101,114,274,443,572,746,1021,1538,2472,3754,5353,7664,11838,18543,30776,52682,130179,91991,191736,161114,290779,271024,418896
USA,2012,2,short,4,1,136,12,2,2,5,9,17,26,41,68,102,144,205,260,355,545,860,1381,2663,2172,3455,3115,4555,4405,5530
USA,2012,2,short,4,2,28,29,22,23,26,39,64,126,228,427,795,1383,2114,3108,4652,6548,8793,11247,14418,13619,15706,15280,17085,17018,17518
USA,2012,2,short,4,3,17,4,2,2,3,4,5,7,10,14,17,23,35,39,62,84,134,214,504,332,782,642,1234,1141,1836
USA,2012,2,short,4,4,39,7,3,4,9,15,25,35,49,75,118,177,282,423,637,932,1425,2200,4373,3403,5938,5261,8128,7624,11399
USA,2012,2,short,4,5,1,1,0,0,1,7,11,13,17,24,39,51,59,89,189,506,1576,4335,17803,10635,29358,23241,49144,45358,73699
USA,2012,2,short,4,6,77,15,9,9,13,20,22,21,33,47,69,110,167,260,427,802,1943,4261,12732,8709,19218,16228,28888,27279,39320
USA,2012,2,short,4,7,78,10,4,5,10,20,38,66,126,211,377,592,917,1417,2214,3664,6754,13047,41415,26455,65529,52847,106549,97587,164667
USA,2012,2,short,4,8,27,3,2,3,3,4,8,15,26,50,93,136,188,289,489,932,1875,3760,10103,7168,14833,12935,20972,20055,26923
USA,2012,2,short,4,9,15,0,0,0,1,3,5,7,13,17,24,31,43,72,120,203,388,705,1888,1280,2867,2305,4684,4218,7705
USA,2012,2,short,4,10,46,6,2,2,2,3,6,9,13,20,30,43,70,97,163,295,575,1186,3801,2373,6104,4738,10523,9273,18630
USA,2012,2,short,4,11,69,9,4,4,4,6,11,15,23,47,94,199,352,613,1218,2146,3437,5268,8935,7469,11299,10305,14513,13931,18289
USA,2012,2,short,4,12,35,4,2,3,3,7,16,30,49,100,179,263,324,384,506,722,1099,1647,3410,2560,4780,4171,6749,6595,7750
USA,2012,2,short,4,13,3,1,0,2,2,7,9,13,16,17,28,41,60,80,122,178,279,489,1056,748,1554,1277,2451,2214,3988
USA,2012,2,short,4,14,23,1,0,0,5,15,24,29,33,34,45,73,105,176,301,517,880,1584,3758,2742,5395,4634,7856,7299,11467
USA,2012,2,short,4,15,4489,33,10,9,9,9,7,8,9,9,11,15,20,21,16,19,21,28,48,35,70,68,74,58,181
USA,2012,2,short,4,16,356,99,37,45,180,275,303,326,334,378,452,472,412,335,369,448,737,1331,3270,2292,4848,4067,7374,6970,9994
USA,2013,2,short,4,0,5372,224,104,121,264,442,568,755,1045,1550,2454,3782,5415,7697,11702,18640,30558,52560,130128,92117,188981,158719,286333,266741,412559
USA,2013,2,short,4,1,118,10,3,2,4,9,16,25,42,62,96,151,213,275,370,536,898,1373,2690,2172,3492,3124,4678,4444,6189
USA,2013,2,short,4,2,31,24,22,23,27,36,61,121,229,433,775,1348,2082,3058,4490,6475,8617,11065,14082,13287,15311,14953,16465,16575,15759
USA,2013,2,short,4,3,20,3,1,1,3,4,4,8,9,11,18,22,27,40,56,86,130,202,475,332,695,539,1197,1139,1574
USA,2013,2,short,4,4,40,9,4,4,7,16,23,34,54,75,128,189,288,430,629,931,1442,2197,4304,3403,5699,5086,7669,7110,11271
USA,2013,2,short,4,5,1,0,1,1,2,5,10,15,17,24,37,51,68,96,183,519,1621,4446,18513,10999,30147,23826,50483,46796,74242
USA,2013,2,short,4,6,76,15,10,11,11,17,19,25,35,47,80,112,166,267,435,848,1910,4314,12951,8909,19210,16110,29180,27632,39153
USA,2013,2,short,4,7,73,10,4,4,11,20,38,68,117,215,368,614,924,1393,2204,3698,6588,13020,40759,26068,63506,51359,102582,93407,161694
USA,2013,2,short,4,8,26,2,2,2,3,4,8,15,25,49,79,134,191,283,485,881,1835,3686,9798,6980,14160,12259,20278,19325,26414
USA,2013,2,short,4,9,10,0,0,0,2,2,5,7,14,18,24,32,45,70,119,201,374,662,1823,1245,2717,2158,4515,4017,7720
USA,2013,2,short,4,10,44,9,3,3,3,5,8,12,18,25,34,53,81,125,192,328,622,1266,4175,2595,6623,5245,11053,9815,19034
USA,2013,2,short,4,11,74,9,4,6,5,7,10,14,27,43,99,207,372,625,1210,2206,3495,5329,9073,7659,11263,10214,14639,14079,18247
USA,2013,2,short,4,12,36,3,2,2,3,8,17,32,58,94,175,268,331,395,521,731,1074,1632,3469,2651,4736,4142,6647,6404,8209
USA,2013,2,short,4,13,4,1,0,2,2,7,8,12,12,20,29,36,59,81,126,184,284,464,974,704,1393,1143,2196,2018,3339
USA,2013,2,short,4,14,21,1,1,0,5,15,27,32,33,38,48,75,110,178,306,550,923,1566,3705,2736,5206,4485,7523,7113,10166
USA,2013,2,short,4,15,4446,36,9,9,7,7,9,9,9,10,14,16,22,21,20,18,22,33,52,43,66,53,106,93,191
USA,2013,2,short,4,16,352,92,37,49,169,283,305,325,347,387,448,475,436,360,355,446,723,1305,3285,2332,4759,4025,7121,6774,9358
USA,1999,3,short,4,0,7260,343,169,204,687,908,906,1134,1611,2365,3467,5013,7989,12571,19506,29974,46017,76716,162891,126488,233398,204242,334245,316349,453623
USA,1999,3,short,4,1,151,16,7,6,7,19,52,119,169,214,234,214,224,267,404,567,873,1388,2839,2304,3875,3443,5369,5248,6179
USA,1999,3,short,4,2,34,33,28,27,40,56,78,134,265,515,968,1713,3004,4825,7131,9885,12588,16128,19995,19291,21358,21044,22444,22558,21680
USA,1999,3,short,4,3,25,6,2,3,4,6,6,10,13,17,21,22,29,39,54,93,145,248,640,451,1005,827,1623,1505,2409
USA,1999,3,short,4,4,70,10,5,6,11,17,22,32,51,83,135,219,367,594,905,1332,1924,2993,5614,4553,7670,6846,10519,10031,13773
USA,1999,3,short,4,5,3,1,1,1,4,8,14,24,42,62,75,69,74,90,113,213,501,1346,5467,3452,9371,7623,15415,14319,22728
USA,1999,3,short,4,6,119,25,13,13,19,23,20,23,33,48,71,105,145,223,394,767,1641,3554,8341,6489,11927,10849,15654,15367,17569
USA,1999,3,short,4,7,141,13,6,8,24,34,53,106,216,419,747,1277,2162,3526,5609,8924,14670,26639,65904,48221,100153,85066,152334,142185,220033
USA,1999,3,short,4,8,28,3,1,2,3,6,11,19,41,76,127,186,319,520,915,1748,3425,6962,17164,13076,25082,22460,34151,33293,39878
USA,1999,3,short,4,9,10,0,0,1,1,3,4,8,13,23,35,51,97,178,320,560,948,1680,4143,2954,6444,5290,10436,9528,16496
USA,1999,3,short,4,10,105,12,3,3,4,6,7,11,21,28,42,55,85,146,252,511,1072,2467,8059,5248,13502,10897,22514,20201,37941
USA,1999,3,short,4,11,79,10,4,7,9,10,14,19,26,48,90,172,412,834,1605,2812,4329,6673,10311,9223,12417,11558,15386,15004,17936
USA,1999,3,short,4,12,134,8,3,4,5,8,13,36,81,162,258,314,398,540,725,997,1391,2250,4625,3680,6456,5822,8647,8244,11338
USA,1999,3,short,4,13,3,1,1,2,3,6,7,10,14,20,29,38,52,80,124,192,323,544,1338,965,2060,1746,3146,2868,5001
USA,1999,3,short,4,14,52,2,1,1,3,7,12,14,19,27,40,65,113,200,356,621,1100,2070,4994,3755,7395,6480,10559,10124,13458
USA,1999,3,short,4,15,5960,44,12,12,12,12,11,13,13,13,18,18,23,24,26,25,34,52,83,72,105,98,132,132,131
USA,1999,3,short,4,16,345,161,83,110,537,688,580,556,593,613,578,497,487,485,573,728,1053,1722,3374,2752,4578,4192,5916,5742,7074
USA,2000,3,short,4,0,7153,326,159,202,669,927,920,1109,1598,2385,3509,5036,7867,12330,19037,29335,45445,75559,162554,125605,234375,205294,335472,316536,462508
USA,2000,3,short,4,1,135,15,5,5,8,16,46,108,167,201,240,223,219,275,377,551,855,1366,2716,2225,3672,3284,5021,4772,6686
USA,2000,3,short,4,2,40,33,28,28,40,55,77,134,262,513,969,1694,2938,4708,7055,9767,12571,16152,20183,19361,21780,21554,22565,22798,20998
USA,2000,3,short,4,3,19,6,2,2,3,5,6,10,13,16,21,25,32,43,64,89,142,269,625,456,954,789,1529,1402,2377
USA,2000,3,short,4,4,69,11,4,7,10,16,24,35,51,86,136,230,374,590,900,1329,1966,2974,5528,4483,7559,6711,10507,9881,14705
USA,2000,3,short,4,5,3,1,1,1,4,9,14,24,40,60,77,72,78,86,118,227,543,1492,5967,3727,10320,8344,17186,15944,25516
USA,2000,3,short,4,6,105,22,12,14,18,20,20,24,33,52,75,111,157,238,405,801,1733,3749,9146,7002,13312,12004,17858,17526,20085
USA,2000,3,short,4,7,131,13,5,8,21,34,56,101,203,417,744,1240,2106,3390,5305,8526,14126,25487,64650,46944,99067,84295,150419,139934,220761
USA,2000,3,short,4,8,33,3,1,3,3,7,11,20,40,79,133,194,309,539,916,1706,3348,6799,16906,12877,24737,22085,33954,32721,42232
USA,2000,3,short,4,9,12,1,0,1,1,4,6,9,14,24,38,56,94,179,333,568,937,1625,4010,2862,6240,5155,10012,9262,15044
USA,2000,3,short,4,10,90,8,3,2,4,7,8,12,19,31,40,57,90,156,270,534,1080,2513,7972,5235,13292,10846,21794,19662,36095
USA,2000,3,short,4,11,83,10,4,7,8,10,13,18,28,51,94,177,395,788,1555,2734,4238,6568,10430,9252,12721,11866,15693,15249,18674
USA,2000,3,short,4,12,133,7,3,3,4,10,15,34,83,164,264,319,399,530,694,971,1413,2231,4675,3772,6432,5782,8692,8325,11152
USA,2000,3,short,4,13,5,1,0,1,2,7,9,10,14,21,28,35,53,81,124,193,324,566,1367,960,2157,1824,3318,3019,5328
USA,2000,3,short,4,14,51,2,1,1,3,8,10,15,20,28,44,68,115,207,367,610,1123,2106,5003,3753,7434,6515,10632,10083,14313
USA,2000,3,short,4,15,5894,39,11,11,12,12,12,14,13,13,15,19,22,25,26,25,33,52,80,67,105,92,150,149,157
USA,2000,3,short,4,16,350,155,79,108,528,705,592,540,598,629,591,517,485,492,528,705,1012,1614,3296,2628,4593,4148,6143,5809,8385
USA,2001,3,short,4,0,6962,333,154,191,663,949,964,1139,1662,2408,3558,5110,7735,12049,18623,28680,44768,73932,161484,124840,232738,203365,335384,316910,460076
USA,2001,3,short,4,1,149,15,5,5,10,17,43,94,161,204,239,229,232,288,396,573,878,1354,2667,2172,3629,3317,4718,4572,5705
USA,2001,3,short,4,2,31,33,28,28,39,54,80,136,263,514,966,1695,2883,4611,6856,9639,12446,15766,19992,19208,21516,21260,22409,22748,20124
USA,2001,3,short,4,3,28,5,2,2,4,5,6,11,12,19,22,25,31,43,61,87,150,255,634,458,977,811,1556,1383,2723
USA,2001,3,short,4,4,77,13,5,6,10,16,24,33,55,83,144,242,377,593,908,1330,1954,2988,5623,4582,7647,6758,10753,10283,13926
USA,2001,3,short,4,5,2,1,1,1,4,8,15,23,39,62,82,78,78,94,131,239,608,1607,6559,4106,11330,9134,19003,17923,26296
USA,2001,3,short,4,6,97,22,12,13,20,23,21,24,34,52,75,105,159,241,411,812,1786,3900,9784,7495,14236,12648,19783,19336,22795
USA,2001,3,short,4,7,127,16,5,9,18,35,60,110,211,415,732,1243,2013,3226,5081,8089,13606,24731,63253,45797,97198,82480,148630,138024,220215
USA,2001,3,short,4,8,29,4,2,2,3,7,11,20,39,75,124,188,292,498,861,1649,3215,6490,16291,12439,23781,21175,32889,31753,40559
USA,2001,3,short,4,9,9,1,0,0,2,4,6,9,14,23,35,53,94,172,312,520,904,1553,3939,2837,6080,5045,9699,8892,15146
USA,2001,3,short,4,10,95,10,3,2,4,6,7,11,19,27,41,55,83,142,246,497,1019,2269,7484,4992,12330,10044,20320,18358,33560
USA,2001,3,short,4,11,89,9,4,6,7,11,12,18,30,49,90,179,392,796,1545,2702,4258,6409,10625,9384,13038,12142,16167,15662,19580
USA,2001,3,short,4,12,126,8,3,4,4,7,15,34,85,158,276,335,395,534,716,976,1386,2217,4672,3713,6537,5834,8997,8670,11203
USA,2001,3,short,4,13,3,0,1,1,4,6,8,10,16,20,27,38,53,81,123,193,320,562,1360,990,2081,1756,3216,2978,4823
USA,2001,3,short,4,14,42,2,0,1,3,8,11,15,21,28,46,72,123,207,393,645,1140,2104,5161,3920,7574,6683,10689,10091,14730
USA,2001,3,short,4,15,5683,43,10,10,13,14,13,12,12,15,15,18,21,26,23,27,33,45,78,68,98,81,158,143,259
USA,2001,3,short,4,16,376,152,74,101,520,728,633,580,650,666,644,557,509,498,562,701,1065,1680,3360,2678,4687,4198,6396,6094,8432
USA,2002,3,short,4,0,7053,315,152,195,670,953,959,1136,1626,2441,3584,5120,7688,11876,18165,28285,44180,73217,162287,124695,235260,205780,338870,320164,466784
USA,2002,3,short,4,1,153,12,5,6,8,15,41,86,158,202,252,254,242,290,414,608,940,1459,2805,2311,3765,3361,5186,5032,6235
USA,2002,3,short,4,2,38,31,30,28,38,53,73,136,250,501,941,1656,2825,4556,6713,9495,12350,15624,19977,19084,21709,21461,22581,22760,21354
USA,2002,3,short,4,3,22,5,2,2,4,6,7,10,13,17,23,26,31,43,59,94,139,256,631,449,983,813,1579,1465,2364
USA,2002,3,short,4,4,70,10,5,6,9,18,26,38,58,95,143,244,394,596,910,1329,1970,2999,5601,4613,7520,6700,10402,9909,13771
USA,2002,3,short,4,5,2,1,1,1,3,9,13,21,41,67,81,84,84,96,130,256,641,1746,7187,4472,12458,10157,20547,19130,30238
USA,2002,3,short,4,6,102,22,11,14,18,23,22,24,34,52,80,107,158,251,424,831,1848,4032,10527,8012,15411,13534,22005,21607,24730
USA,2002,3,short,4,7,133,11,5,8,20,32,61,107,217,425,746,1236,1988,3138,4898,7864,13123,23896,62491,44976,96491,82030,147313,136985,217938
USA,2002,3,short,4,8,31,4,2,3,3,6,10,19,38,73,125,185,289,486,836,1607,3089,6257,16081,12123,23765,21162,32913,31701,41200
USA,2002,3,short,4,9,12,1,0,1,2,3,5,11,14,23,38,53,97,167,307,501,857,1504,3788,2710,5879,4883,9380,8503,15379
USA,2002,3,short,4,10,85,10,2,3,4,5,8,11,18,28,43,57,87,150,253,513,1069,2371,7790,5125,12963,10556,21422,19339,35668
USA,2002,3,short,4,11,82,10,5,7,8,10,12,17,28,50,91,174,374,771,1465,2638,4212,6445,10676,9377,13198,12307,16328,15904,19224
USA,2002,3,short,4,12,134,9,2,3,4,9,14,34,76,164,269,342,405,508,684,960,1391,2211,4608,3669,6431,5815,8596,8292,10678
USA,2002,3,short,4,13,4,1,1,1,3,6,8,9,14,20,29,38,55,84,121,201,321,540,1418,1026,2179,1833,3398,3044,5819
USA,2002,3,short,4,14,49,1,1,1,3,7,12,15,20,27,47,72,123,207,364,642,1152,2149,5211,3956,7647,6817,10564,10027,14237
USA,2002,3,short,4,15,5780,41,11,11,13,13,12,13,13,14,17,20,24,25,23,25,31,51,74,67,87,79,117,126,52
USA,2002,3,short,4,16,359,146,70,100,531,738,633,584,634,683,660,573,514,507,563,721,1047,1679,3422,2725,4774,4272,6538,6339,7899
USA,2003,3,short,4,0,7039,318,148,190,653,972,970,1128,1601,2421,3605,5157,7532,11773,17761,27529,43466,71306,160318,122470,233816,203551,340798,321372,474825
USA,2003,3,short,4,1,129,13,5,5,8,16,36,75,149,195,246,266,261,298,395,601,949,1459,2846,2356,3797,3440,5061,4950,5827
USA,2003,3,short,4,2,36,30,29,29,36,51,76,128,245,483,934,1626,2727,4480,6550,9227,12266,15427,19811,18914,21552,21342,22294,22499,20884
USA,2003,3,short,4,3,28,5,2,3,3,6,7,10,12,17,21,26,30,41,58,91,136,237,633,437,1015,847,1607,1529,2140
USA,2003,3,short,4,4,65,13,5,6,10,17,28,38,57,91,151,246,392,608,914,1325,1944,2932,5496,4495,7441,6576,10498,9961,14206
USA,2003,3,short,4,5,0,1,1,1,4,10,16,22,41,65,86,90,84,104,136,272,700,1847,7590,4747,13109,10508,22303,20502,34730
USA,2003,3,short,4,6,107,19,13,14,20,25,24,25,34,52,79,111,163,258,429,880,1933,4116,11197,8336,16752,14775,23740,23239,27200
USA,2003,3,short,4,7,115,13,5,8,20,38,61,113,215,427,749,1210,1911,3048,4675,7501,12596,22890,61030,43565,94945,80461,146144,135527,219392
USA,2003,3,short,4,8,26,3,2,2,4,7,10,20,37,76,121,188,280,460,794,1504,2950,5891,15328,11498,22764,20048,32366,31131,40891
USA,2003,3,short,4,9,13,0,0,1,2,4,6,9,15,24,41,57,86,162,281,480,836,1422,3625,2592,5630,4642,9122,8340,14516
USA,2003,3,short,4,10,102,14,4,4,4,8,8,12,19,28,44,66,83,154,266,495,1041,2246,7496,4904,12531,10083,21185,19031,36045
USA,2003,3,short,4,11,81,9,3,6,8,11,12,17,27,47,96,171,364,797,1487,2611,4213,6282,10637,9278,13274,12345,16559,16224,18873
USA,2003,3,short,4,12,144,9,3,3,5,8,16,33,76,158,261,358,407,520,702,959,1375,2146,4504,3543,6371,5693,8768,8391,11370
USA,2003,3,short,4,13,4,1,1,1,4,6,9,12,14,21,28,41,56,87,122,202,321,546,1350,960,2106,1718,3479,3157,5698
USA,2003,3,short,4,14,54,1,0,1,3,9,13,18,22,32,48,77,127,222,378,649,1144,2149,5238,3993,7656,6742,10886,10461,13820
USA,2003,3,short,4,15,5772,42,10,10,12,12,11,12,12,15,15,18,24,24,23,22,30,46,75,61,104,89,157,146,232
USA,2003,3,short,4,16,361,145,65,97,511,747,636,586,626,692,684,605,537,509,552,711,1032,1669,3463,2791,4767,4241,6627,6283,8999
USA,2004,3,short,4,0,6977,304,148,185,649,948,982,1099,1525,2338,3532,5098,7285,11319,17091,26432,41603,68388,152818,116681,222728,194607,322996,304614,451632
USA,2004,3,short,4,1,125,12,4,4,7,16,35,71,129,187,232,274,265,299,400,599,915,1465,2801,2306,3758,3411,4995,4880,5801
USA,2004,3,short,4,2,38,30,30,26,38,51,73,125,227,464,898,1587,2651,4332,6440,9030,11980,15111,19413,18506,21167,20881,22189,22282,21533
USA,2004,3,short,4,3,24,4,3,2,4,5,8,9,11,17,20,24,30,42,57,85,132,234,595,418,937,779,1502,1376,2387
USA,2004,3,short,4,4,61,10,5,6,9,17,24,38,56,88,149,237,379,590,874,1294,1876,2861,5285,4307,7176,6476,9674,9186,13090
USA,2004,3,short,4,5,1,1,0,1,4,11,17,22,39,62,88,96,93,105,138,284,695,1852,7553,4736,13002,10473,22020,20549,32311
USA,2004,3,short,4,6,100,22,12,15,19,22,23,25,33,51,77,111,163,250,421,829,1905,4157,11383,8474,17010,14995,24191,23336,30181
USA,2004,3,short,4,7,110,12,4,8,18,34,62,108,206,405,731,1179,1784,2862,4346,6968,11672,21344,57267,40721,89277,75640,137902,127816,208481
USA,2004,3,short,4,8,33,3,2,2,3,7,11,18,35,73,121,184,265,445,781,1413,2766,5469,14020,10541,20751,18445,28976,27777,37368
USA,2004,3,short,4,9,11,0,0,1,1,4,6,10,14,23,37,53,81,147,254,454,762,1340,3368,2426,5190,4310,8329,7642,13140
USA,2004,3,short,4,10,88,10,2,2,4,6,6,10,16,27,37,57,84,143,238,470,950,2049,6592,4329,10970,8916,18294,16412,31464
USA,2004,3,short,4,11,80,10,4,5,7,9,12,14,25,47,91,170,348,761,1415,2536,4078,6078,10225,8973,12646,11831,15552,15237,17760
USA,2004,3,short,4,12,151,8,2,3,4,9,14,31,72,148,251,354,401,503,654,927,1339,2056,4352,3405,6185,5531,8517,8253,10368
USA,2004,3,short,4,13,5,1,1,2,3,6,9,9,15,19,29,40,58,83,122,191,314,550,1290,931,1984,1649,3179,2929,4928
USA,2004,3,short,4,14,52,2,1,1,3,10,14,17,22,31,49,81,130,212,371,628,1153,2095,5151,3846,7675,6754,10960,10439,14604
USA,2004,3,short,4,15,5709,42,12,9,13,11,12,11,10,13,15,19,22,22,23,23,31,44,69,59,87,78,116,100,231
USA,2004,3,short,4,16,390,138,67,99,513,730,658,580,613,681,706,631,533,523,557,701,1035,1684,3455,2703,4909,4436,6598,6400,7985
USA,2005,3,short,4,0,7078,300,146,178,639,980,1000,1134,1507,2356,3544,5189,7284,11262,16730,26258,41288,67686,155031,117432,227930,198670,332756,314370,462822
USA,2005,3,short,4,1,139,12,4,5,8,14,34,64,114,176,228,283,270,297,406,616,934,1504,2963,2414,4027,3642,5408,5270,6380
USA,2005,3,short,4,2,35,28,28,27,37,50,74,123,223,470,898,1584,2592,4266,6255,8970,11870,14967,19543,18625,21324,21099,22129,22370,20426
USA,2005,3,short,4,3,25,5,1,2,3,5,7,8,13,16,20,26,31,40,59,89,138,230,585,426,892,713,1531,1412,2370
USA,2005,3,short,4,4,59,10,5,7,10,18,24,39,60,93,147,245,390,603,882,1305,1925,2855,5487,4487,7426,6695,10048,9461,14197
USA,2005,3,short,4,5,1,0,0,1,4,12,17,21,37,66,89,102,99,116,151,312,778,2154,8764,5468,15153,12215,25678,24021,37397
USA,2005,3,short,4,6,95,20,12,13,21,23,24,24,37,54,82,119,171,262,425,881,1980,4363,12191,8951,18473,16083,27033,26210,32858
USA,2005,3,short,4,7,94,10,6,7,19,36,64,111,207,402,718,1185,1762,2808,4153,6721,11319,20556,57005,40036,89907,76076,139458,129637,208932
USA,2005,3,short,4,8,33,4,3,2,4,6,10,18,34,71,120,190,259,426,731,1329,2540,5060,13065,9786,19422,17284,27082,25827,35960
USA,2005,3,short,4,9,11,1,0,1,1,3,6,9,14,24,37,55,83,147,250,426,748,1286,3330,2368,5195,4360,8189,7593,12407
USA,2005,3,short,4,10,85,9,3,3,3,5,8,11,16,29,44,63,89,147,244,486,967,2073,6847,4459,11478,9324,19196,17382,32026
USA,2005,3,short,4,11,90,10,4,4,6,8,10,16,24,47,100,184,356,777,1456,2603,4210,6229,10744,9273,13596,12680,16879,16631,18636
USA,2005,3,short,4,12,164,9,3,3,4,8,15,29,64,144,246,354,417,506,650,918,1308,2029,4302,3340,6167,5517,8498,8227,10415
USA,2005,3,short,4,13,3,1,1,1,3,6,8,10,13,20,29,40,57,80,120,189,307,538,1298,926,2021,1645,3366,3068,5472
USA,2005,3,short,4,14,47,2,1,1,4,11,16,19,23,30,50,75,129,217,364,661,1180,2112,5304,4008,7816,6856,11255,10651,15534
USA,2005,3,short,4,15,5803,38,11,10,13,12,12,11,12,13,15,19,23,24,17,20,24,41,73,62,95,91,107,101,151
USA,2005,3,short,4,16,396,141,65,91,498,761,672,621,617,701,723,665,556,546,567,733,1060,1688,3529,2803,4938,4390,6899,6509,9659
USA,2006,3,short,4,0,7024,291,140,162,631,1006,1041,1139,1507,2314,3499,5137,7316,10813,16232,25205,40022,65343,148428,112055,220438,192127,321793,303545,451691
USA,2006,3,short,4,1,123,12,4,5,7,16,33,56,106,164,215,273,285,300,409,607,963,1519,2893,2393,3882,3614,4843,4768,5377
USA,2006,3,short,4,2,36,29,26,24,34,49,74,124,221,444,873,1552,2585,4119,6150,8735,11729,14807,19164,18083,21305,21061,22179,22392,20666
USA,2006,3,short,4,3,26,5,2,2,3,5,7,8,10,16,19,24,31,40,53,81,123,209,484,346,756,622,1236,1148,1858
USA,2006,3,short,4,4,53,10,4,5,8,17,26,39,56,95,147,240,385,580,844,1224,1797,2673,4934,4107,6572,5912,8936,8409,12687
USA,2006,3,short,4,5,0,0,1,1,4,12,18,24,36,67,89,107,108,127,187,403,1044,2785,11161,7022,19355,15790,32117,30011,47105
USA,2006,3,short,4,6,97,17,11,13,21,25,25,27,35,55,76,116,171,260,426,896,2000,4292,12100,8843,18549,16348,26427,25527,32832
USA,2006,3,short,4,7,89,11,5,8,17,36,63,115,199,396,710,1156,1750,2647,3944,6322,10676,19311,53289,37277,84990,71454,133448,123481,204390
USA,2006,3,short,4,8,36,4,2,2,3,7,9,18,35,69,114,186,267,419,697,1267,2403,4637,11870,8917,17716,15634,25169,24207,32015
USA,2006,3,short,4,9,14,0,0,1,2,4,5,9,14,21,37,50,77,124,216,375,653,1093,2702,1939,4212,3581,6474,5997,9862
USA,2006,3,short,4,10,84,10,2,1,4,6,7,10,14,26,38,58,78,130,229,428,867,1846,5774,3780,9724,7882,16319,14800,27135
USA,2006,3,short,4,11,94,9,5,5,6,8,12,16,23,49,91,181,348,718,1380,2437,3959,5956,10085,8709,12809,11991,15735,15338,18560
USA,2006,3,short,4,12,149,7,2,3,4,9,16,31,66,140,243,360,424,499,627,892,1288,1965,4141,3189,6027,5379,8346,8070,10309
USA,2006,3,short,4,13,6,1,1,1,3,6,8,10,13,20,28,38,58,80,117,184,293,483,1132,805,1778,1486,2822,2547,4782
USA,2006,3,short,4,14,46,1,1,1,3,11,15,19,23,32,49,84,133,218,370,644,1154,2095,5186,3910,7713,6859,10770,10261,14397
USA,2006,3,short,4,15,5761,38,10,8,11,12,12,11,11,11,15,16,23,23,19,20,27,35,64,53,86,77,117,102,223
USA,2006,3,short,4,16,410,136,64,83,500,785,710,623,644,709,754,696,593,529,564,688,1046,1636,3448,2682,4966,4437,6857,6487,9491
USA,2007,3,short,4,0,7073,294,137,165,604,981,1020,1126,1476,2232,3413,5064,7149,10624,15875,24472,39067,63750,144546,109010,215870,187411,317102,298805,448313
USA,2007,3,short,4,1,122,11,4,4,6,16,32,53,96,155,203,266,288,305,409,611,925,1482,2863,2380,3834,3500,5020,4889,5962
USA,2007,3,short,4,2,33,28,27,26,32,50,69,117,213,431,848,1522,2510,4045,6082,8536,11586,14743,18935,17919,20974,20675,22037,22140,21300
USA,2007,3,short,4,3,29,5,2,2,3,5,7,7,11,15,18,24,28,41,59,92,136,231,562,401,885,748,1371,1304,1851
USA,2007,3,short,4,4,64,10,5,4,8,17,26,38,59,91,141,240,371,560,800,1195,1751,2636,4850,4004,6548,5951,8671,8124,12598
USA,2007,3,short,4,5,0,1,0,1,3,7,13,16,24,45,68,80,93,111,169,373,1022,2749,11040,6862,19426,15788,32365,29892,50101
USA,2007,3,short,4,6,105,17,11,15,19,25,22,28,37,50,79,119,174,261,442,899,2054,4341,12089,8750,18791,16330,27546,26399,35773
USA,2007,3,short,4,7,107,11,6,6,16,36,65,107,196,382,681,1118,1674,2553,3748,5940,10102,18332,50804,35340,81842,68618,128884,119702,194731
USA,2007,3,short,4,8,33,3,2,2,3,6,9,17,36,65,116,180,258,398,681,1213,2314,4431,11582,8677,17412,15361,24709,23907,30459
USA,2007,3,short,4,9,17,0,0,1,2,3,5,9,16,24,34,50,75,128,207,365,611,1022,2531,1827,3944,3289,6275,5678,10554
USA,2007,3,short,4,10,71,9,3,3,3,6,8,10,14,24,36,54,77,123,202,388,784,1620,5307,3461,9011,7269,15209,13518,27335
USA,2007,3,short,4,11,90,10,5,5,7,9,12,16,23,45,94,185,344,721,1369,2427,3970,6018,10150,8740,12979,12078,16186,15879,18391
USA,2007,3,short,4,12,171,9,2,3,5,8,18,30,65,139,247,367,439,512,634,876,1278,1909,3983,3105,5746,5139,7905,7663,9640
USA,2007,3,short,4,13,4,1,0,2,3,6,8,10,13,18,27,38,52,79,122,176,291,474,1114,822,1699,1414,2711,2478,4375
USA,2007,3,short,4,14,43,2,1,1,4,10,15,19,25,30,50,80,132,211,371,657,1167,2081,5120,3898,7572,6700,10673,9963,15770
USA,2007,3,short,4,15,5740,41,11,9,9,10,11,10,11,13,14,18,20,22,18,17,26,39,55,52,59,53,81,75,120
USA,2007,3,short,4,16,442,136,58,82,480,767,701,638,636,706,754,723,613,554,562,705,1050,1641,3562,2772,5147,4498,7459,7195,9352
USA,2008,3,short,4,0,6832,293,126,152,560,933,997,1110,1438,2175,3392,5051,7150,10505,15865,24447,39124,63804,145285,108867,218436,189014,323144,304194,460176
USA,2008,3,short,4,1,122,12,3,3,6,14,30,49,79,137,188,258,304,328,417,601,986,1546,2939,2431,3959,3614,5186,5001,6522
USA,2008,3,short,4,2,33,29,27,23,34,49,73,116,214,414,842,1513,2468,3903,6020,8424,11401,14572,18691,17640,20800,20526,21777,21782,21741
USA,2008,3,short,4,3,20,6,2,2,3,5,6,8,11,13,17,24,32,41,59,86,142,233,556,392,885,749,1371,1247,2268
USA,2008,3,short,4,4,63,11,5,6,8,19,25,37,58,91,144,227,364,552,802,1182,1710,2527,4801,3935,6540,5890,8853,8380,12273
USA,2008,3,short,4,5,1,1,1,0,2,6,11,14,25,42,61,84,93,115,184,426,1174,3205,12624,7849,22217,17914,37530,34825,57085
USA,2008,3,short,4,6,107,18,10,13,21,27,24,28,34,55,84,119,172,268,454,950,2153,4596,12849,9319,19939,17257,29484,28389,37403
USA,2008,3,short,4,7,102,12,5,7,17,35,64,111,192,376,681,1124,1655,2515,3691,5822,9914,17782,49880,34457,80858,67645,127881,118500,195715
USA,2008,3,short,4,8,36,4,2,3,3,6,10,18,34,64,111,170,253,377,659,1168,2239,4353,11107,8225,16897,14842,24209,23005,32915
USA,2008,3,short,4,9,13,0,0,0,2,3,5,9,16,20,32,45,69,109,190,328,558,925,2312,1666,3609,3018,5714,5240,9141
USA,2008,3,short,4,10,71,12,2,3,3,7,8,12,17,27,42,64,87,141,223,422,831,1680,5343,3453,9140,7308,15661,14086,27047
USA,2008,3,short,4,11,76,10,4,5,6,10,12,15,23,47,95,195,361,753,1457,2586,4251,6374,10778,9236,13876,12880,17422,16977,20641
USA,2008,3,short,4,12,147,9,3,2,4,9,17,37,67,141,246,371,449,525,638,875,1285,1897,3920,3057,5653,4984,8035,7757,10052
USA,2008,3,short,4,13,5,0,1,1,2,5,7,9,14,17,27,35,53,77,119,180,284,470,1090,788,1697,1440,2612,2365,4395
USA,2008,3,short,4,14,43,1,1,1,3,10,15,19,23,32,46,81,133,218,368,646,1123,1971,4736,3591,7037,6196,10029,9567,13372
USA,2008,3,short,4,15,5541,38,10,8,11,12,10,10,11,12,14,19,21,24,18,20,25,29,59,52,75,65,108,120,23
USA,2008,3,short,4,16,451,131,51,74,434,717,680,618,622,686,762,722,635,558,565,731,1048,1643,3601,2778,5253,4686,7273,6954,9585
USA,2009,3,short,4,0,6564,275,125,151,520,883,980,1114,1442,2145,3353,5054,7139,10257,15385,23573,37604,61382,137219,103464,205051,177512,302173,284631,429547
USA,2009,3,short,4,1,190,11,4,4,7,13,29,47,77,123,175,247,311,329,427,614,977,1566,2951,2447,3963,3578,5319,5227,5985
USA,2009,3,short,4,2,35,27,26,23,31,49,73,122,219,412,828,1517,2454,3845,5821,8224,11187,14339,18296,17364,20167,19889,21145,21324,19840
USA,2009,3,short,4,3,24,5,2,2,3,5,6,8,10,15,18,24,32,39,56,87,127,205,520,362,837,683,1377,1264,2197
USA,2009,3,short,4,4,51,9,4,6,9,17,28,38,57,93,145,235,355,541,766,1114,1639,2438,4548,3734,6185,5537,8471,8082,11298
USA,2009,3,short,4,5,0,0,0,1,2,7,10,14,23,37,60,81,93,111,184,446,1202,3154,12424,7777,21761,17606,36412,33576,57008
USA,2009,3,short,4,6,93,18,10,12,19,26,26,29,38,54,82,119,179,274,450,905,2039,4399,12163,8825,18872,16357,27740,26475,36921
USA,2009,3,short,4,7,101,10,5,6,16,34,60,109,197,371,660,1088,1626,2422,3563,5572,9384,16957,46500,32351,74933,62768,117838,109235,180308
USA,2009,3,short,4,8,38,3,2,2,3,6,10,18,33,61,112,169,241,370,608,1135,2150,4025,10204,7608,15421,13530,22089,21216,28425
USA,2009,3,short,4,9,12,1,0,1,1,3,4,9,15,23,34,47,67,107,183,296,518,876,2139,1548,3326,2759,5326,4830,8922
USA,2009,3,short,4,10,81,11,6,6,8,13,21,21,26,40,55,80,103,138,227,395,766,1486,4485,2935,7601,6108,12868,11667,21589
USA,2009,3,short,4,11,74,11,5,5,7,12,14,17,26,45,102,208,368,718,1401,2448,3991,6137,10194,8735,13127,12145,16590,16154,19750
USA,2009,3,short,4,12,57,5,2,2,4,10,20,35,68,138,245,373,469,515,629,832,1193,1765,3636,2840,5236,4716,7070,6713,9662
USA,2009,3,short,4,13,4,1,1,1,2,6,7,10,12,19,26,39,53,72,112,177,271,425,1007,741,1540,1259,2534,2297,4259
USA,2009,3,short,4,14,33,2,1,1,4,13,17,21,27,34,51,82,127,209,358,631,1122,1957,4603,3464,6892,5975,10125,9550,14302
USA,2009,3,short,4,15,5347,34,11,9,11,11,11,10,11,12,15,16,21,21,21,15,21,29,56,48,73,69,88,81,135
USA,2009,3,short,4,16,424,127,47,70,395,657,642,605,604,668,745,728,641,545,577,681,1017,1623,3494,2685,5118,4533,7184,6942,8946
USA,2010,3,short,4,0,6194,266,115,143,496,859,958,1096,1396,2005,3259,4913,7075,10061,15193,23216,37293,61206,137710,102873,206418,178287,305209,287508,433064
USA,2010,3,short,4,1,183,11,4,3,5,14,23,40,61,103,163,227,305,320,407,596,945,1506,2864,2387,3806,3421,5157,5033,6050
USA,2010,3,short,4,2,29,26,24,26,30,49,72,117,208,388,803,1499,2421,3766,5766,8151,11055,14325,18318,17288,20350,19981,21648,21771,20762
USA,2010,3,short,4,3,25,5,2,2,3,5,6,8,11,12,17,23,29,39,56,82,129,212,534,363,872,719,1406,1307,2123
USA,2010,3,short,4,4,49,9,4,6,8,17,26,38,57,89,146,224,359,524,754,1081,1615,2414,4540,3638,6319,5656,8646,8244,11549
USA,2010,3,short,4,5,0,1,0,1,2,6,12,17,22,37,62,82,97,123,215,461,1329,3519,13838,8594,24181,19655,40073,37244,60503
USA,2010,3,short,4,6,92,17,10,11,18,24,24,28,36,51,79,120,174,273,464,914,2151,4549,12551,9056,19444,16815,28678,27364,38170
USA,2010,3,short,4,7,87,10,4,6,16,33,58,109,192,350,658,1063,1603,2334,3453,5347,9124,16460,45532,31297,73607,61264,116951,108330,179224
USA,2010,3,short,4,8,34,3,2,2,4,5,8,18,31,62,103,164,235,362,607,1100,2087,3965,10071,7421,15298,13423,21884,21013,28171
USA,2010,3,short,4,9,12,0,0,0,2,3,5,10,15,22,34,45,67,108,178,285,501,855,2063,1468,3238,2726,5036,4637,7919
USA,2010,3,short,4,10,62,7,2,2,2,7,8,11,15,24,36,53,81,123,208,377,715,1449,4337,2858,7254,5887,12054,10763,21379
USA,2010,3,short,4,11,88,11,5,5,6,9,12,17,24,41,94,195,360,682,1386,2463,4011,6080,10177,8682,13127,12196,16395,15887,20062
USA,2010,3,short,4,12,54,5,2,2,4,8,18,36,71,131,249,367,475,527,637,828,1195,1770,3559,2777,5102,4523,7133,6875,9002
USA,2010,3,short,4,13,5,1,1,1,3,5,7,9,12,16,24,37,50,76,111,169,266,423,978,709,1509,1246,2430,2220,3949
USA,2010,3,short,4,14,33,1,1,1,3,9,15,19,25,31,47,79,132,212,364,643,1110,1995,4675,3517,6960,6094,10002,9394,14393
USA,2010,3,short,4,15,5034,37,9,7,10,10,10,10,11,12,14,17,22,21,18,19,24,32,56,46,75,72,86,74,170
USA,2010,3,short,4,16,407,123,46,66,380,655,653,611,605,635,729,718,665,571,568,699,1038,1650,3616,2773,5278,4608,7631,7353,9639
USA,2011,3,short,4,0,6063,263,120,143,489,861,967,1131,1396,2020,3235,4956,7117,10168,14806,22985,36822,61310,137922,102504,204699,176521,305773,288311,431296
USA,2011,3,short,4,1,147,10,4,3,5,13,22,40,56,94,153,225,302,338,408,597,957,1473,2953,2426,3947,3581,5259,5058,6708
USA,2011,3,short,4,2,33,26,24,22,32,47,67,113,207,384,772,1467,2415,3751,5527,8000,10850,14123,18034,17002,19979,19700,20981,21171,19618
USA,2011,3,short,4,3,24,4,3,2,3,5,6,9,9,13,18,25,31,42,54,88,136,219,515,355,816,653,1397,1284,2209
USA,2011,3,short,4,4,46,8,4,5,9,16,27,42,59,93,155,242,373,556,795,1142,1664,2512,4627,3746,6288,5609,8721,8265,11998
USA,2011,3,short,4,5,0,0,0,1,2,8,12,16,22,39,63,85,100,131,219,516,1452,3937,15315,9436,26401,21301,44694,41816,65379
USA,2011,3,short,4,6,85,16,9,12,18,22,25,28,35,52,77,121,176,273,476,913,2178,4627,12573,9021,19270,16595,28867,27639,37696
USA,2011,3,short,4,7,82,11,5,6,15,32,58,108,194,353,644,1049,1581,2327,3346,5234,8794,16116,44509,30485,70950,59199,113105,104736,173262
USA,2011,3,short,4,8,35,3,2,2,3,5,8,18,29,56,102,156,234,373,577,1058,2073,3937,9700,7128,14548,12738,21044,20089,27907
USA,2011,3,short,4,9,14,0,0,0,2,3,5,10,15,24,33,47,71,108,172,274,468,799,1956,1388,3028,2515,4867,4397,8249
USA,2011,3,short,4,10,68,10,4,3,3,7,12,14,17,27,40,62,91,136,215,390,726,1480,4541,2947,7546,6033,12974,11708,22070
USA,2011,3,short,4,11,87,9,5,6,6,9,11,17,22,43,97,204,375,696,1364,2437,4012,6289,10530,8960,13490,12454,17206,16783,20246
USA,2011,3,short,4,12,50,5,2,3,4,9,18,36,69,128,251,384,493,550,623,840,1179,1789,3559,2739,5106,4542,7130,6878,8938
USA,2011,3,short,4,13,3,1,1,1,2,3,5,9,12,16,24,37,51,76,107,167,274,444,998,718,1525,1259,2477,2238,4196
USA,2011,3,short,4,14,24,1,1,1,3,10,15,18,24,31,43,74,116,204,324,587,1015,1815,4336,3272,6343,5585,9064,8659,11977
USA,2011,3,short,4,15,4957,35,10,9,10,11,9,11,10,11,14,18,23,20,20,19,21,29,58,52,69,65,84,87,61
USA,2011,3,short,4,16,406,124,46,67,373,660,667,642,614,657,749,760,682,587,578,723,1023,1720,3717,2829,5393,4693,7904,7504,10782
USA,2012,3,short,4,0,5983,263,114,139,471,848,981,1129,1401,1992,3158,4918,7179,10096,14819,22552,36212,60336,136515,101302,199944,172180,300735,282872,427964
USA,2012,3,short,4,1,150,12,3,3,4,11,24,35,50,85,145,212,301,350,417,590,930,1470,2800,2321,3664,3349,4807,4650,5932
USA,2012,3,short,4,2,31,30,24,25,31,45,69,116,199,377,760,1454,2414,3665,5504,7875,10692,13911,17796,16870,19464,19086,20837,20947,20052
USA,2012,3,short,4,3,20,4,2,2,3,4,6,8,10,14,18,25,33,40,63,86,140,223,519,361,804,676,1269,1176,1932
USA,2012,3,short,4,4,45,9,5,4,8,17,27,39,59,94,154,232,369,549,793,1114,1634,2480,4585,3701,6177,5569,8384,7974,11308
USA,2012,3,short,4,5,0,0,0,0,2,8,14,18,22,38,59,87,109,143,234,546,1572,4180,16308,10135,27429,22168,46529,43122,70794
USA,2012,3,short,4,6,86,15,10,11,19,25,24,27,36,52,78,124,181,284,467,917,2120,4559,12325,8856,18574,16021,27843,26428,37922
USA,2012,3,short,4,7,90,10,3,5,15,30,58,104,196,343,623,1043,1593,2339,3356,5095,8616,15666,43814,29866,68937,57337,111048,102775,169967
USA,2012,3,short,4,8,27,4,2,3,3,5,9,17,31,56,102,155,233,354,570,1037,1963,3787,9551,6968,14204,12431,20643,19818,26519
USA,2012,3,short,4,9,14,0,0,0,1,3,6,10,16,23,35,44,70,102,164,262,455,780,1934,1377,2939,2442,4744,4284,8017
USA,2012,3,short,4,10,56,8,2,2,3,5,7,11,13,22,33,51,85,124,200,355,681,1410,4210,2759,6823,5491,11661,10488,20014
USA,2012,3,short,4,11,76,10,5,4,5,8,12,16,23,45,91,203,382,689,1348,2399,3916,6111,10320,8756,13138,12094,16925,16452,20301
USA,2012,3,short,4,12,47,4,2,2,4,8,20,38,66,133,246,387,504,562,643,821,1185,1730,3398,2639,4767,4201,6820,6647,8055
USA,2012,3,short,4,13,3,0,0,2,2,5,6,9,12,15,23,34,55,73,110,162,265,443,969,702,1451,1217,2298,2097,3732
USA,2012,3,short,4,14,27,1,0,0,3,9,15,19,24,32,47,78,120,199,329,571,993,1820,4188,3141,6075,5311,8845,8295,12762
USA,2012,3,short,4,15,4896,36,9,9,10,10,10,10,10,10,13,17,22,24,20,19,22,30,53,38,80,76,92,76,210
USA,2012,3,short,4,16,416,118,46,65,359,654,673,653,633,654,733,771,707,598,601,702,1029,1735,3743,2813,5418,4709,7990,7646,10447
USA,2013,3,short,4,0,5959,255,118,141,448,837,976,1151,1418,2007,3149,4918,7231,10203,14664,22696,36081,60316,136449,101626,196605,169459,294516,276752,420692
USA,2013,3,short,4,1,138,11,3,2,5,12,23,33,51,81,138,210,297,372,436,601,951,1487,2824,2330,3677,3356,4832,4623,6315
USA,2013,3,short,4,2,31,25,24,24,32,41,67,115,201,378,741,1405,2374,3616,5320,7729,10442,13716,17502,16646,18981,18714,19946,20150,18499
USA,2013,3,short,4,3,23,4,1,1,3,5,5,9,10,11,20,24,30,41,58,85,131,214,485,351,717,574,1233,1175,1646
USA,2013,3,short,4,4,48,9,5,5,8,17,27,40,63,98,161,244,377,553,784,1124,1672,2482,4516,3663,5988,5415,8053,7580,11414
USA,2013,3,short,4,5,0,0,1,1,2,7,13,20,27,39,59,89,114,152,233,568,1586,4325,16868,10484,27895,22470,47463,44242,70343
USA,2013,3,short,4,6,90,15,11,12,18,23,26,29,37,55,87,124,182,291,473,961,2146,4599,12431,9017,18330,15734,27692,26256,37891
USA,2013,3,short,4,7,83,11,4,5,15,30,57,105,184,352,625,1059,1606,2336,3355,5155,8555,15659,43335,29618,67031,55998,106824,98472,166149
USA,2013,3,short,4,8,29,3,2,2,3,4,8,16,29,56,94,155,235,358,563,1007,1949,3744,9260,6776,13551,11834,19744,18816,26335
USA,2013,3,short,4,9,10,0,0,0,2,3,6,9,16,23,35,46,70,104,162,260,439,754,1860,1334,2769,2254,4626,4153,7979
USA,2013,3,short,4,10,59,9,4,3,4,6,9,13,18,27,39,64,101,150,230,395,731,1481,4538,2979,7231,5870,12138,10928,20735
USA,2013,3,short,4,11,80,11,5,6,5,9,12,16,27,43,95,210,401,713,1332,2485,3975,6139,10456,8947,13063,12021,16822,16271,20735
USA,2013,3,short,4,12,46,4,2,3,4,8,20,42,74,129,244,383,506,588,657,839,1166,1732,3452,2734,4693,4165,6600,6388,8104
USA,2013,3,short,4,13,4,1,1,1,2,5,6,10,10,17,25,33,53,74,110,166,258,424,906,662,1328,1111,2109,1955,3202
USA,2013,3,short,4,14,27,1,1,0,3,9,16,21,25,33,47,81,123,207,332,594,1021,1792,4186,3146,5983,5253,8615,8241,11271
USA,2013,3,short,4,15,4876,35,10,9,9,9,9,12,11,12,15,18,23,24,20,18,24,32,56,47,71,59,115,95,250
USA,2013,3,short,4,16,414,116,45,67,335,649,670,660,634,655,725,772,737,624,600,710,1034,1737,3774,2891,5298,4631,7705,7407,9823
